zone_sk,zone_bk,zone_name,city,population,area_km2,latitude,longitude
1,PARIS_ZONE_001,Paris - Zone 1,Paris,49905,1.11,48.895248079961576,2.311382696608556
2,PARIS_ZONE_002,Paris - Zone 2,Paris,17144,4.55,48.88487191798767,2.414948730832775
3,PARIS_ZONE_003,Paris - Zone 3,Paris,13697,3.75,48.78168522871709,2.2871912383778548
4,PARIS_ZONE_004,Paris - Zone 4,Paris,23247,3.28,48.78084575514942,2.3040140241098634
5,PARIS_ZONE_005,Paris - Zone 5,Paris,50590,4.36,48.843723171353865,2.3440734474054166
6,PARIS_ZONE_006,Paris - Zone 6,Paris,26231,4.95,48.77763980154849,2.4011310802932493
7,PARIS_ZONE_007,Paris - Zone 7,Paris,53753,2.82,48.82105941466746,2.306650201937214
8,PARIS_ZONE_008,Paris - Zone 8,Paris,58036,2.35,48.791439334940826,2.287674620293354
9,PARIS_ZONE_009,Paris - Zone 9,Paris,30541,3.82,48.9057405237239,2.3889570858710107
10,PARIS_ZONE_010,Paris - Zone 10,Paris,43142,1.19,48.92416725952451,2.284808031692553
11,PARIS_ZONE_011,Paris - Zone 11,Paris,27213,5.06,48.87556316037828,2.410073104049724
12,PARIS_ZONE_012,Paris - Zone 12,Paris,45837,1.56,48.7877288238118,2.3780021309708337
13,PARIS_ZONE_013,Paris - Zone 13,Paris,58663,2.09,48.78936671630778,2.3094465418177648
14,PARIS_ZONE_014,Paris - Zone 14,Paris,14619,2.59,48.84914564837895,2.4056576682625197
15,PARIS_ZONE_015,Paris - Zone 15,Paris,18659,2.54,48.81012112492344,2.314916451527858
16,PARIS_ZONE_016,Paris - Zone 16,Paris,52796,4.06,48.87406096090672,2.299582183711695
17,PARIS_ZONE_017,Paris - Zone 17,Paris,55784,1.85,48.85056163389618,2.3153916522854843
18,PARIS_ZONE_018,Paris - Zone 18,Paris,49943,4.28,48.811738427835245,2.324085237506451
19,PARIS_ZONE_019,Paris - Zone 19,Paris,58352,4.77,48.813247691514256,2.2773360390246458
20,PARIS_ZONE_020,Paris - Zone 20,Paris,28673,2.71,48.787190176833846,2.418301779869687
21,PARIS_ZONE_021,Paris - Zone 21,Paris,45170,5.32,48.82694846092776,2.3770701864471806
22,PARIS_ZONE_022,Paris - Zone 22,Paris,33928,5.37,48.87945629923207,2.2950594544707297
23,PARIS_ZONE_023,Paris - Zone 23,Paris,17150,1.86,48.866418901466105,2.3142386573636693
24,PARIS_ZONE_024,Paris - Zone 24,Paris,46311,2.86,48.869965267991304,2.3301194309941775
25,PARIS_ZONE_025,Paris - Zone 25,Paris,17065,3.3,48.79114550594781,2.2797386200679575
26,PARIS_ZONE_026,Paris - Zone 26,Paris,15185,1.34,48.80219712027559,2.3810769941594123
27,PARIS_ZONE_027,Paris - Zone 27,Paris,47086,0.85,48.83765908584105,2.4315794208384154
28,PARIS_ZONE_028,Paris - Zone 28,Paris,42676,1.88,48.865116143394445,2.4229889378207696
29,PARIS_ZONE_029,Paris - Zone 29,Paris,52583,4.46,48.88567365904425,2.358115252865407
30,PARIS_ZONE_030,Paris - Zone 30,Paris,25486,4.73,48.83102807568497,2.319160020583588
31,PARIS_ZONE_031,Paris - Zone 31,Paris,18365,3.0,48.929210548403375,2.412336470460511
32,PARIS_ZONE_032,Paris - Zone 32,Paris,25261,5.85,48.89851395184833,2.353429067936692
33,PARIS_ZONE_033,Paris - Zone 33,Paris,14973,5.29,48.82435116663178,2.374431919178561
34,PARIS_ZONE_034,Paris - Zone 34,Paris,47909,1.59,48.83642621641459,2.2980478457205042
35,PARIS_ZONE_035,Paris - Zone 35,Paris,59028,5.57,48.92355895910331,2.3680311335136364
36,PARIS_ZONE_036,Paris - Zone 36,Paris,40021,0.61,48.92525577860234,2.4127955004517094
37,PARIS_ZONE_037,Paris - Zone 37,Paris,28153,1.82,48.815139454791556,2.3629771109902253
38,PARIS_ZONE_038,Paris - Zone 38,Paris,13161,0.97,48.854358474130656,2.283274002954941
39,PARIS_ZONE_039,Paris - Zone 39,Paris,57846,3.43,48.79672168184327,2.3777601316395787
40,PARIS_ZONE_040,Paris - Zone 40,Paris,44031,1.41,48.86102780598692,2.3692550267972203
41,PARIS_ZONE_041,Paris - Zone 41,Paris,21880,5.61,48.89744243146173,2.3825788211359393
42,PARIS_ZONE_042,Paris - Zone 42,Paris,54723,2.21,48.935823897065745,2.3761804892223126
43,PARIS_ZONE_043,Paris - Zone 43,Paris,36711,5.45,48.84883778262258,2.311864898186561
44,PARIS_ZONE_044,Paris - Zone 44,Paris,12196,2.36,48.87072939495316,2.3090183572154523
45,PARIS_ZONE_045,Paris - Zone 45,Paris,22432,0.54,48.889854551447755,2.2816198027002117
46,PARIS_ZONE_046,Paris - Zone 46,Paris,12417,5.48,48.9141416640406,2.2835371759821843
47,PARIS_ZONE_047,Paris - Zone 47,Paris,23597,2.03,48.85426631986408,2.3584774290231607
48,PARIS_ZONE_048,Paris - Zone 48,Paris,55405,5.65,48.867966894932046,2.347827364209887
49,PARIS_ZONE_049,Paris - Zone 49,Paris,59420,3.1,48.84172959383775,2.287292127438701
50,PARIS_ZONE_050,Paris - Zone 50,Paris,51187,2.87,48.84437257968319,2.346923946885868
51,PARIS_ZONE_051,Paris - Zone 51,Paris,55780,0.8,48.88115287812253,2.3755887602071972
52,PARIS_ZONE_052,Paris - Zone 52,Paris,11972,2.71,48.830888416863196,2.4100676058164465
53,PARIS_ZONE_053,Paris - Zone 53,Paris,24295,1.55,48.86240572062565,2.2946291675351635
54,PARIS_ZONE_054,Paris - Zone 54,Paris,20025,2.03,48.81656903166114,2.419922495884162
55,PARIS_ZONE_055,Paris - Zone 55,Paris,37041,4.94,48.91355470279494,2.287865396512256
56,PARIS_ZONE_056,Paris - Zone 56,Paris,50738,6.0,48.91036441361279,2.42723940116556
57,PARIS_ZONE_057,Paris - Zone 57,Paris,57385,5.17,48.80320977769663,2.349902580072115
58,PARIS_ZONE_058,Paris - Zone 58,Paris,22008,5.26,48.92099085848169,2.2985419394242443
59,PARIS_ZONE_059,Paris - Zone 59,Paris,8141,5.92,48.819032489307546,2.397651296311771
60,PARIS_ZONE_060,Paris - Zone 60,Paris,37819,2.07,48.88805464057602,2.3890808507864745
61,PARIS_ZONE_061,Paris - Zone 61,Paris,59338,3.56,48.891545324047414,2.29696749204385
62,PARIS_ZONE_062,Paris - Zone 62,Paris,27445,1.7,48.78595732672117,2.389917948606247
63,PARIS_ZONE_063,Paris - Zone 63,Paris,11994,4.61,48.7857464436652,2.365668415113435
64,PARIS_ZONE_064,Paris - Zone 64,Paris,40954,5.56,48.86158018164328,2.2813007327565895
65,PARIS_ZONE_065,Paris - Zone 65,Paris,41281,0.94,48.80633199375691,2.3674056170320044
66,PARIS_ZONE_066,Paris - Zone 66,Paris,52250,5.24,48.84120408821092,2.422855380356654
67,PARIS_ZONE_067,Paris - Zone 67,Paris,45334,1.85,48.87172306456535,2.3713010416531364
68,PARIS_ZONE_068,Paris - Zone 68,Paris,35474,4.12,48.867036307815056,2.322819175356276
69,PARIS_ZONE_069,Paris - Zone 69,Paris,25089,1.62,48.89119068812631,2.3103897524185353
70,PARIS_ZONE_070,Paris - Zone 70,Paris,33938,1.22,48.879880126214026,2.345355931611272
71,PARIS_ZONE_071,Paris - Zone 71,Paris,57274,5.65,48.77809047310148,2.3715854808788945
72,PARIS_ZONE_072,Paris - Zone 72,Paris,44896,5.98,48.78832171537594,2.3063046899627264
73,PARIS_ZONE_073,Paris - Zone 73,Paris,25380,1.23,48.832441413594324,2.2832066102496027
74,PARIS_ZONE_074,Paris - Zone 74,Paris,24009,2.53,48.801839493177155,2.4055991927423688
75,PARIS_ZONE_075,Paris - Zone 75,Paris,54107,2.16,48.93401652964024,2.401335990922423
76,PARIS_ZONE_076,Paris - Zone 76,Paris,42664,0.54,48.90733666161847,2.320100600351996
77,PARIS_ZONE_077,Paris - Zone 77,Paris,51475,1.07,48.917100314395775,2.3145145474379403
78,PARIS_ZONE_078,Paris - Zone 78,Paris,15014,4.58,48.801471665564,2.317281003433263
79,PARIS_ZONE_079,Paris - Zone 79,Paris,21803,4.45,48.809175569972396,2.3736780734216127
80,PARIS_ZONE_080,Paris - Zone 80,Paris,25300,3.28,48.816779400331185,2.4175054473949715
81,PARIS_ZONE_081,Paris - Zone 81,Paris,11329,1.01,48.8443721236102,2.3164688358355603
82,PARIS_ZONE_082,Paris - Zone 82,Paris,8232,2.33,48.79753114571227,2.4289676726126137
83,PARIS_ZONE_083,Paris - Zone 83,Paris,18589,4.58,48.864868867380224,2.3406299070369085
84,PARIS_ZONE_084,Paris - Zone 84,Paris,8633,1.12,48.927808150247465,2.38276313980094
85,PARIS_ZONE_085,Paris - Zone 85,Paris,17768,3.5,48.91013520318176,2.365401530638367
86,PARIS_ZONE_086,Paris - Zone 86,Paris,17705,2.86,48.78329261730702,2.330544242452361
87,PARIS_ZONE_087,Paris - Zone 87,Paris,10614,5.44,48.81021224613436,2.312124758275668
88,PARIS_ZONE_088,Paris - Zone 88,Paris,14736,2.45,48.86618136306302,2.4121540357665743
89,PARIS_ZONE_089,Paris - Zone 89,Paris,48675,4.62,48.924722211611126,2.310077973156697
90,PARIS_ZONE_090,Paris - Zone 90,Paris,18649,5.87,48.90632347519046,2.4132265927461316
91,PARIS_ZONE_091,Paris - Zone 91,Paris,9624,1.49,48.92451796723865,2.397381839383621
92,PARIS_ZONE_092,Paris - Zone 92,Paris,34982,4.91,48.91485024454005,2.401919890651902
93,PARIS_ZONE_093,Paris - Zone 93,Paris,25485,1.38,48.88880451010239,2.3334066756155094
94,PARIS_ZONE_094,Paris - Zone 94,Paris,10537,5.22,48.812189394807305,2.4028538568955087
95,PARIS_ZONE_095,Paris - Zone 95,Paris,38166,2.42,48.90788582095545,2.411611685738081
96,PARIS_ZONE_096,Paris - Zone 96,Paris,22609,0.63,48.807500766132435,2.3247219121916327
97,PARIS_ZONE_097,Paris - Zone 97,Paris,12549,5.82,48.8212599988355,2.37483707817722
98,PARIS_ZONE_098,Paris - Zone 98,Paris,34193,4.24,48.91158578612353,2.325183978914305
99,PARIS_ZONE_099,Paris - Zone 99,Paris,9808,1.13,48.93186409776356,2.300770850587594
100,PARIS_ZONE_100,Paris - Zone 100,Paris,25397,0.71,48.87205140079804,2.327509937868768
101,MARSEILLE_ZONE_001,Marseille - Zone 1,Marseille,59539,2.23,43.313493416528985,5.3716276895471164
102,MARSEILLE_ZONE_002,Marseille - Zone 2,Marseille,33244,5.45,43.24691260392037,5.296901845394117
103,MARSEILLE_ZONE_003,Marseille - Zone 3,Marseille,36577,0.51,43.364592026479855,5.375952319534846
104,MARSEILLE_ZONE_004,Marseille - Zone 4,Marseille,55148,5.67,43.33442603095845,5.321325620656277
105,MARSEILLE_ZONE_005,Marseille - Zone 5,Marseille,36265,0.88,43.322778029585805,5.3426320057668155
106,MARSEILLE_ZONE_006,Marseille - Zone 6,Marseille,28572,4.15,43.2364400505063,5.433807493615534
107,MARSEILLE_ZONE_007,Marseille - Zone 7,Marseille,41234,2.2,43.281842865379076,5.354184061929236
108,MARSEILLE_ZONE_008,Marseille - Zone 8,Marseille,27376,3.55,43.24719441487843,5.3961887094740435
109,MARSEILLE_ZONE_009,Marseille - Zone 9,Marseille,32847,4.23,43.360948887317214,5.388282386552221
110,MARSEILLE_ZONE_010,Marseille - Zone 10,Marseille,27723,2.73,43.349896027088654,5.338419991882937
111,MARSEILLE_ZONE_011,Marseille - Zone 11,Marseille,21774,2.86,43.30929756499131,5.394552899792491
112,MARSEILLE_ZONE_012,Marseille - Zone 12,Marseille,38473,2.93,43.324600357310416,5.3715878394999335
113,MARSEILLE_ZONE_013,Marseille - Zone 13,Marseille,56231,1.43,43.23006728587602,5.3722723215864345
114,MARSEILLE_ZONE_014,Marseille - Zone 14,Marseille,49480,3.91,43.23144195201209,5.4421199459923955
115,MARSEILLE_ZONE_015,Marseille - Zone 15,Marseille,23392,4.2,43.25244250655957,5.321660789236252
116,MARSEILLE_ZONE_016,Marseille - Zone 16,Marseille,9600,0.75,43.3739297636451,5.387603835689709
117,MARSEILLE_ZONE_017,Marseille - Zone 17,Marseille,58363,0.9,43.28281056175964,5.390562460918034
118,MARSEILLE_ZONE_018,Marseille - Zone 18,Marseille,20742,4.45,43.27793655478284,5.353744458060246
119,MARSEILLE_ZONE_019,Marseille - Zone 19,Marseille,17671,4.11,43.217387170902086,5.409954316258955
120,MARSEILLE_ZONE_020,Marseille - Zone 20,Marseille,58465,5.37,43.34104726508277,5.324814581889971
121,MARSEILLE_ZONE_021,Marseille - Zone 21,Marseille,53607,3.35,43.2245349416225,5.329671724745595
122,MARSEILLE_ZONE_022,Marseille - Zone 22,Marseille,15953,3.01,43.34472665627556,5.3966124372138164
123,MARSEILLE_ZONE_023,Marseille - Zone 23,Marseille,44629,3.77,43.36850633735091,5.432428148129669
124,MARSEILLE_ZONE_024,Marseille - Zone 24,Marseille,48150,4.98,43.35922324741456,5.358078521097385
125,MARSEILLE_ZONE_025,Marseille - Zone 25,Marseille,43905,2.95,43.24196526520688,5.427639185565321
126,MARSEILLE_ZONE_026,Marseille - Zone 26,Marseille,37495,1.93,43.256058358001546,5.391825829884184
127,MARSEILLE_ZONE_027,Marseille - Zone 27,Marseille,58188,4.78,43.29403552273124,5.328079338210341
128,MARSEILLE_ZONE_028,Marseille - Zone 28,Marseille,36827,0.93,43.26221650413811,5.33327441713315
129,MARSEILLE_ZONE_029,Marseille - Zone 29,Marseille,28952,5.41,43.22939242522523,5.313932905282093
130,MARSEILLE_ZONE_030,Marseille - Zone 30,Marseille,33102,4.32,43.32952706267113,5.30007661611422
131,MARSEILLE_ZONE_031,Marseille - Zone 31,Marseille,34712,2.32,43.291047888536184,5.2997625136933735
132,MARSEILLE_ZONE_032,Marseille - Zone 32,Marseille,35534,2.64,43.339667323570346,5.441169925374416
133,MARSEILLE_ZONE_033,Marseille - Zone 33,Marseille,9280,5.21,43.338995132178894,5.3506609646284335
134,MARSEILLE_ZONE_034,Marseille - Zone 34,Marseille,8386,5.69,43.264278024379585,5.352197863690194
135,MARSEILLE_ZONE_035,Marseille - Zone 35,Marseille,35460,3.46,43.33404144972102,5.417778907350603
136,MARSEILLE_ZONE_036,Marseille - Zone 36,Marseille,22453,3.19,43.26016964988212,5.36750271900776
137,MARSEILLE_ZONE_037,Marseille - Zone 37,Marseille,33484,2.35,43.32516270160454,5.354490667062022
138,MARSEILLE_ZONE_038,Marseille - Zone 38,Marseille,18816,5.12,43.36362665930704,5.446715516403027
139,MARSEILLE_ZONE_039,Marseille - Zone 39,Marseille,43004,0.65,43.27954324101435,5.380102717283964
140,MARSEILLE_ZONE_040,Marseille - Zone 40,Marseille,9776,0.96,43.285078043145774,5.428496216895221
141,MARSEILLE_ZONE_041,Marseille - Zone 41,Marseille,19909,0.78,43.277156618270105,5.323665645473837
142,MARSEILLE_ZONE_042,Marseille - Zone 42,Marseille,29420,2.36,43.3572423977603,5.3343210585022085
143,MARSEILLE_ZONE_043,Marseille - Zone 43,Marseille,35627,1.89,43.229604997241864,5.2929013259280016
144,MARSEILLE_ZONE_044,Marseille - Zone 44,Marseille,43351,0.79,43.36880715078111,5.32567554651516
145,MARSEILLE_ZONE_045,Marseille - Zone 45,Marseille,12496,4.8,43.32078074483903,5.410477312649524
146,MARSEILLE_ZONE_046,Marseille - Zone 46,Marseille,24205,1.6,43.219760802771255,5.314181175325566
147,MARSEILLE_ZONE_047,Marseille - Zone 47,Marseille,16272,3.1,43.23480231137749,5.441441123554664
148,MARSEILLE_ZONE_048,Marseille - Zone 48,Marseille,38476,4.35,43.339203695737,5.316646262938848
149,MARSEILLE_ZONE_049,Marseille - Zone 49,Marseille,47796,5.8,43.33143715657536,5.414246701788069
150,MARSEILLE_ZONE_050,Marseille - Zone 50,Marseille,18732,5.81,43.23379579994522,5.293908548079594
151,MARSEILLE_ZONE_051,Marseille - Zone 51,Marseille,28444,3.67,43.36178418416759,5.349849113508051
152,MARSEILLE_ZONE_052,Marseille - Zone 52,Marseille,54859,1.59,43.311235657799976,5.422691461404851
153,MARSEILLE_ZONE_053,Marseille - Zone 53,Marseille,23915,1.06,43.3400969415922,5.425846918254207
154,MARSEILLE_ZONE_054,Marseille - Zone 54,Marseille,47348,4.93,43.34389635465604,5.38034920885877
155,MARSEILLE_ZONE_055,Marseille - Zone 55,Marseille,10691,2.41,43.28504048211756,5.349091340194889
156,MARSEILLE_ZONE_056,Marseille - Zone 56,Marseille,41158,4.06,43.21852434402654,5.357009398534692
157,MARSEILLE_ZONE_057,Marseille - Zone 57,Marseille,40125,1.08,43.37022601075434,5.391493616976231
158,MARSEILLE_ZONE_058,Marseille - Zone 58,Marseille,38129,4.39,43.28617794320123,5.407207248642142
159,MARSEILLE_ZONE_059,Marseille - Zone 59,Marseille,50628,1.99,43.34581187500908,5.375907665031721
160,MARSEILLE_ZONE_060,Marseille - Zone 60,Marseille,39686,3.06,43.34861753574732,5.384595939050192
161,MARSEILLE_ZONE_061,Marseille - Zone 61,Marseille,29122,5.18,43.3494169630225,5.303666063688907
162,MARSEILLE_ZONE_062,Marseille - Zone 62,Marseille,37543,1.84,43.29085335465652,5.387453072676883
163,MARSEILLE_ZONE_063,Marseille - Zone 63,Marseille,32837,2.35,43.29558904057855,5.341802266862201
164,MARSEILLE_ZONE_064,Marseille - Zone 64,Marseille,39952,1.67,43.344153177092494,5.344254214906285
165,MARSEILLE_ZONE_065,Marseille - Zone 65,Marseille,47069,4.36,43.26070297212099,5.291424178310188
166,MARSEILLE_ZONE_066,Marseille - Zone 66,Marseille,20521,0.97,43.331711946256675,5.3679724554958055
167,MARSEILLE_ZONE_067,Marseille - Zone 67,Marseille,57687,1.82,43.29267489772547,5.403694785035635
168,MARSEILLE_ZONE_068,Marseille - Zone 68,Marseille,37371,4.86,43.23138853608875,5.325255424075604
169,MARSEILLE_ZONE_069,Marseille - Zone 69,Marseille,53336,1.84,43.32273360345549,5.348843272105766
170,MARSEILLE_ZONE_070,Marseille - Zone 70,Marseille,44272,3.42,43.28458061003283,5.409149669874177
171,MARSEILLE_ZONE_071,Marseille - Zone 71,Marseille,29678,2.43,43.28909924205651,5.338859678615813
172,MARSEILLE_ZONE_072,Marseille - Zone 72,Marseille,23108,1.16,43.247313486952244,5.308928758600808
173,MARSEILLE_ZONE_073,Marseille - Zone 73,Marseille,43118,5.73,43.32692616866249,5.320446555681687
174,MARSEILLE_ZONE_074,Marseille - Zone 74,Marseille,56405,3.16,43.33243360017489,5.446057123661289
175,MARSEILLE_ZONE_075,Marseille - Zone 75,Marseille,42382,3.78,43.373381700874006,5.423020538132331
176,MARSEILLE_ZONE_076,Marseille - Zone 76,Marseille,27414,1.75,43.24521064698967,5.2920637387609695
177,MARSEILLE_ZONE_077,Marseille - Zone 77,Marseille,43005,1.2,43.223782512157314,5.298524163238238
178,MARSEILLE_ZONE_078,Marseille - Zone 78,Marseille,27145,4.34,43.23670471887335,5.4287537915620705
179,MARSEILLE_ZONE_079,Marseille - Zone 79,Marseille,40170,1.06,43.21846246454008,5.335294292341944
180,MARSEILLE_ZONE_080,Marseille - Zone 80,Marseille,39373,2.92,43.245998187262416,5.298020274749372
181,MARSEILLE_ZONE_081,Marseille - Zone 81,Marseille,39308,1.13,43.22695494961823,5.36847944964657
182,MARSEILLE_ZONE_082,Marseille - Zone 82,Marseille,45815,3.96,43.225077451886804,5.313671613515784
183,MARSEILLE_ZONE_083,Marseille - Zone 83,Marseille,44886,5.72,43.230128945343395,5.329510552833618
184,MARSEILLE_ZONE_084,Marseille - Zone 84,Marseille,44573,4.7,43.31351082419888,5.416318532774947
185,MARSEILLE_ZONE_085,Marseille - Zone 85,Marseille,22790,4.77,43.27736048418345,5.435160700419808
186,MARSEILLE_ZONE_086,Marseille - Zone 86,Marseille,27487,5.23,43.37490500167469,5.338660839091097
187,MARSEILLE_ZONE_087,Marseille - Zone 87,Marseille,48699,0.83,43.37011740438949,5.305677371963966
188,MARSEILLE_ZONE_088,Marseille - Zone 88,Marseille,57986,1.64,43.25026403124887,5.395468501950726
189,MARSEILLE_ZONE_089,Marseille - Zone 89,Marseille,18292,1.82,43.304818759292445,5.314845218470902
190,MARSEILLE_ZONE_090,Marseille - Zone 90,Marseille,34772,2.98,43.31150979121913,5.336401486244964
191,MARSEILLE_ZONE_091,Marseille - Zone 91,Marseille,23170,2.08,43.261734939697966,5.427337077014483
192,MARSEILLE_ZONE_092,Marseille - Zone 92,Marseille,12664,4.28,43.36432576711721,5.4158524842634765
193,MARSEILLE_ZONE_093,Marseille - Zone 93,Marseille,48963,3.74,43.34512490884503,5.321451074201034
194,MARSEILLE_ZONE_094,Marseille - Zone 94,Marseille,15521,3.5,43.3201215557444,5.435145831234017
195,MARSEILLE_ZONE_095,Marseille - Zone 95,Marseille,17321,0.89,43.243047646275315,5.339017890018277
196,MARSEILLE_ZONE_096,Marseille - Zone 96,Marseille,57083,5.03,43.36389080463482,5.360064551787798
197,MARSEILLE_ZONE_097,Marseille - Zone 97,Marseille,38716,4.29,43.32845738959612,5.440628198519046
198,MARSEILLE_ZONE_098,Marseille - Zone 98,Marseille,40798,3.47,43.28654141817146,5.385485865926576
199,MARSEILLE_ZONE_099,Marseille - Zone 99,Marseille,36313,4.54,43.313094182551346,5.293938382782134
200,MARSEILLE_ZONE_100,Marseille - Zone 100,Marseille,23002,5.79,43.35025337822499,5.381831857475189
201,LYON_ZONE_001,Lyon - Zone 1,Lyon,9359,6.0,45.79156505348852,4.798821764154729
202,LYON_ZONE_002,Lyon - Zone 2,Lyon,10636,4.7,45.71203051647008,4.838734214558016
203,LYON_ZONE_003,Lyon - Zone 3,Lyon,36981,5.54,45.7130382635557,4.8493527400444565
204,LYON_ZONE_004,Lyon - Zone 4,Lyon,49601,4.98,45.83904883777051,4.830901663193656
205,LYON_ZONE_005,Lyon - Zone 5,Lyon,34761,2.33,45.79122136152339,4.892937295104057
206,LYON_ZONE_006,Lyon - Zone 6,Lyon,29614,2.76,45.7632750433543,4.861713365918629
207,LYON_ZONE_007,Lyon - Zone 7,Lyon,34244,4.97,45.77201545743549,4.828472145376277
208,LYON_ZONE_008,Lyon - Zone 8,Lyon,28612,1.89,45.702547456228956,4.879307668166369
209,LYON_ZONE_009,Lyon - Zone 9,Lyon,41724,5.04,45.6841841707917,4.894798797491305
210,LYON_ZONE_010,Lyon - Zone 10,Lyon,38276,2.77,45.71401320662313,4.813584697464268
211,LYON_ZONE_011,Lyon - Zone 11,Lyon,57574,3.24,45.754726552915564,4.763957884029816
212,LYON_ZONE_012,Lyon - Zone 12,Lyon,25501,3.52,45.832427641735116,4.82579857521158
213,LYON_ZONE_013,Lyon - Zone 13,Lyon,53760,3.17,45.68861911079067,4.85650356432065
214,LYON_ZONE_014,Lyon - Zone 14,Lyon,23682,4.4,45.73372002214294,4.75788791431457
215,LYON_ZONE_015,Lyon - Zone 15,Lyon,34738,1.01,45.84276114230324,4.901768780557467
216,LYON_ZONE_016,Lyon - Zone 16,Lyon,38241,5.71,45.787633550205406,4.780335379908532
217,LYON_ZONE_017,Lyon - Zone 17,Lyon,54963,2.11,45.79686586078814,4.822178454869657
218,LYON_ZONE_018,Lyon - Zone 18,Lyon,39621,5.89,45.722996944972024,4.843902412300875
219,LYON_ZONE_019,Lyon - Zone 19,Lyon,33138,1.55,45.779900415787985,4.875106807278784
220,LYON_ZONE_020,Lyon - Zone 20,Lyon,16946,5.25,45.72819958445153,4.882100989120498
221,LYON_ZONE_021,Lyon - Zone 21,Lyon,35193,2.37,45.81003478492229,4.798447626090705
222,LYON_ZONE_022,Lyon - Zone 22,Lyon,8168,2.06,45.73176893596349,4.849610035586266
223,LYON_ZONE_023,Lyon - Zone 23,Lyon,51249,3.19,45.70777526694125,4.84187289243262
224,LYON_ZONE_024,Lyon - Zone 24,Lyon,30618,2.33,45.8060596284192,4.816053608674222
225,LYON_ZONE_025,Lyon - Zone 25,Lyon,29088,5.28,45.840923941013216,4.7939088870666
226,LYON_ZONE_026,Lyon - Zone 26,Lyon,33098,1.78,45.808087116015884,4.762683567855569
227,LYON_ZONE_027,Lyon - Zone 27,Lyon,56804,3.1,45.83014882685114,4.816696983511542
228,LYON_ZONE_028,Lyon - Zone 28,Lyon,51495,4.86,45.7883230402241,4.7800368512336355
229,LYON_ZONE_029,Lyon - Zone 29,Lyon,10426,1.19,45.8384565744283,4.8088191526290185
230,LYON_ZONE_030,Lyon - Zone 30,Lyon,14577,5.31,45.75444899356331,4.83985217388921
231,LYON_ZONE_031,Lyon - Zone 31,Lyon,37945,0.58,45.70706486655472,4.895049275415875
232,LYON_ZONE_032,Lyon - Zone 32,Lyon,18116,0.91,45.80904404660369,4.798103644726946
233,LYON_ZONE_033,Lyon - Zone 33,Lyon,48845,4.31,45.787973864412685,4.891982446776111
234,LYON_ZONE_034,Lyon - Zone 34,Lyon,52194,5.23,45.744801503603625,4.806365784629344
235,LYON_ZONE_035,Lyon - Zone 35,Lyon,55101,5.38,45.762071597662434,4.8422625620316255
236,LYON_ZONE_036,Lyon - Zone 36,Lyon,48465,0.88,45.78498576269674,4.903048655804848
237,LYON_ZONE_037,Lyon - Zone 37,Lyon,22908,4.61,45.753435435507704,4.7714509002213115
238,LYON_ZONE_038,Lyon - Zone 38,Lyon,49533,4.37,45.70008115845165,4.782318365876677
239,LYON_ZONE_039,Lyon - Zone 39,Lyon,27625,5.47,45.691358554988355,4.883082954425954
240,LYON_ZONE_040,Lyon - Zone 40,Lyon,27226,2.47,45.75290988605687,4.794771589149435
241,LYON_ZONE_041,Lyon - Zone 41,Lyon,35004,3.61,45.81080311582095,4.782897383850896
242,LYON_ZONE_042,Lyon - Zone 42,Lyon,13175,3.85,45.7452070877787,4.865001532794034
243,LYON_ZONE_043,Lyon - Zone 43,Lyon,40615,5.52,45.706898835220564,4.8294839861367995
244,LYON_ZONE_044,Lyon - Zone 44,Lyon,24644,3.03,45.79069451476264,4.899525365072051
245,LYON_ZONE_045,Lyon - Zone 45,Lyon,38490,5.46,45.79241774171186,4.780976099531486
246,LYON_ZONE_046,Lyon - Zone 46,Lyon,36949,5.7,45.842024271234955,4.803564679859804
247,LYON_ZONE_047,Lyon - Zone 47,Lyon,35807,4.3,45.757093730026845,4.80403946728613
248,LYON_ZONE_048,Lyon - Zone 48,Lyon,33211,5.19,45.70106452278758,4.81671828762522
249,LYON_ZONE_049,Lyon - Zone 49,Lyon,31524,3.66,45.84283072698031,4.802936920621323
250,LYON_ZONE_050,Lyon - Zone 50,Lyon,51137,2.68,45.68529567452184,4.894110783631563
251,LYON_ZONE_051,Lyon - Zone 51,Lyon,59007,4.6,45.69184708012416,4.852725038892236
252,LYON_ZONE_052,Lyon - Zone 52,Lyon,40553,5.08,45.82846958695197,4.879818556736541
253,LYON_ZONE_053,Lyon - Zone 53,Lyon,23081,3.84,45.74037135293366,4.8575588604809425
254,LYON_ZONE_054,Lyon - Zone 54,Lyon,48690,1.88,45.80489237179867,4.8784953239192745
255,LYON_ZONE_055,Lyon - Zone 55,Lyon,52620,5.11,45.7845196965899,4.900244592651675
256,LYON_ZONE_056,Lyon - Zone 56,Lyon,50358,0.72,45.81017767744163,4.761038324999301
257,LYON_ZONE_057,Lyon - Zone 57,Lyon,31911,4.53,45.698421340119395,4.802917672260665
258,LYON_ZONE_058,Lyon - Zone 58,Lyon,56986,2.79,45.716127167144016,4.881542049764881
259,LYON_ZONE_059,Lyon - Zone 59,Lyon,31976,3.42,45.83015791591708,4.888575619130783
260,LYON_ZONE_060,Lyon - Zone 60,Lyon,24840,5.53,45.83507005057555,4.91048145218669
261,LYON_ZONE_061,Lyon - Zone 61,Lyon,27342,4.61,45.738194440608304,4.774127153191961
262,LYON_ZONE_062,Lyon - Zone 62,Lyon,12934,1.27,45.83864003351405,4.893322495503812
263,LYON_ZONE_063,Lyon - Zone 63,Lyon,55462,4.21,45.74758583923253,4.8910191170747135
264,LYON_ZONE_064,Lyon - Zone 64,Lyon,44524,2.51,45.81050911497423,4.7579269848161445
265,LYON_ZONE_065,Lyon - Zone 65,Lyon,43164,1.18,45.74297370537857,4.8755418565658815
266,LYON_ZONE_066,Lyon - Zone 66,Lyon,25181,3.72,45.81558676819629,4.906146702684729
267,LYON_ZONE_067,Lyon - Zone 67,Lyon,15100,4.21,45.759436298877034,4.854827498727125
268,LYON_ZONE_068,Lyon - Zone 68,Lyon,44792,2.3,45.781613151337346,4.859324380902311
269,LYON_ZONE_069,Lyon - Zone 69,Lyon,49641,5.03,45.82950202214847,4.80405042792468
270,LYON_ZONE_070,Lyon - Zone 70,Lyon,34758,1.14,45.69125548976214,4.761653940515953
271,LYON_ZONE_071,Lyon - Zone 71,Lyon,40284,1.14,45.72156800518901,4.841707456941204
272,LYON_ZONE_072,Lyon - Zone 72,Lyon,33470,3.0,45.79127779501603,4.874602419443708
273,LYON_ZONE_073,Lyon - Zone 73,Lyon,43402,2.81,45.80276304236245,4.780423664385574
274,LYON_ZONE_074,Lyon - Zone 74,Lyon,35189,4.1,45.81739089332741,4.854204354248185
275,LYON_ZONE_075,Lyon - Zone 75,Lyon,26333,0.68,45.743284793397514,4.826641293769712
276,LYON_ZONE_076,Lyon - Zone 76,Lyon,23473,5.2,45.69989673993698,4.865408842477006
277,LYON_ZONE_077,Lyon - Zone 77,Lyon,43682,5.46,45.787172289560644,4.765388014266658
278,LYON_ZONE_078,Lyon - Zone 78,Lyon,26080,1.54,45.703545555053964,4.891385310154189
279,LYON_ZONE_079,Lyon - Zone 79,Lyon,37800,1.0,45.71793693046774,4.858018866964753
280,LYON_ZONE_080,Lyon - Zone 80,Lyon,9399,0.78,45.7373614650292,4.913911344630628
281,LYON_ZONE_081,Lyon - Zone 81,Lyon,59575,3.61,45.6949776244519,4.878125180142174
282,LYON_ZONE_082,Lyon - Zone 82,Lyon,21576,3.73,45.81408847697937,4.792979788647365
283,LYON_ZONE_083,Lyon - Zone 83,Lyon,58749,1.31,45.82808496570109,4.756153688236803
284,LYON_ZONE_084,Lyon - Zone 84,Lyon,17482,5.93,45.770434473098106,4.88346221176922
285,LYON_ZONE_085,Lyon - Zone 85,Lyon,15204,4.14,45.688124823965794,4.7580776523569135
286,LYON_ZONE_086,Lyon - Zone 86,Lyon,59772,4.84,45.778216467528075,4.758224973361786
287,LYON_ZONE_087,Lyon - Zone 87,Lyon,25391,0.79,45.802674889112666,4.839873684255659
288,LYON_ZONE_088,Lyon - Zone 88,Lyon,56867,0.85,45.75572403428318,4.813626235810802
289,LYON_ZONE_089,Lyon - Zone 89,Lyon,46906,1.1,45.764614190365734,4.906966502875217
290,LYON_ZONE_090,Lyon - Zone 90,Lyon,10841,4.5,45.82940027006505,4.861124491788686
291,LYON_ZONE_091,Lyon - Zone 91,Lyon,27767,3.02,45.83824418929953,4.765432065199121
292,LYON_ZONE_092,Lyon - Zone 92,Lyon,39390,5.16,45.7522037790848,4.772973892748676
293,LYON_ZONE_093,Lyon - Zone 93,Lyon,54687,5.5,45.69575851452264,4.768626476385727
294,LYON_ZONE_094,Lyon - Zone 94,Lyon,47865,1.32,45.70419065412881,4.855590799084993
295,LYON_ZONE_095,Lyon - Zone 95,Lyon,46362,3.52,45.73602967093099,4.9148404409377475
296,LYON_ZONE_096,Lyon - Zone 96,Lyon,42770,2.12,45.76488817191771,4.8245318921317795
297,LYON_ZONE_097,Lyon - Zone 97,Lyon,59976,4.36,45.820446837967296,4.859846666381009
298,LYON_ZONE_098,Lyon - Zone 98,Lyon,58394,3.53,45.822478770512376,4.824511190666622
299,LYON_ZONE_099,Lyon - Zone 99,Lyon,22974,2.78,45.81638707596481,4.819496829481112
300,LYON_ZONE_100,Lyon - Zone 100,Lyon,55815,1.02,45.75228224100176,4.86211725808965
301,TOULOUSE_ZONE_001,Toulouse - Zone 1,Toulouse,32530,5.74,43.634591365674716,1.4400828616942563
302,TOULOUSE_ZONE_002,Toulouse - Zone 2,Toulouse,13978,5.07,43.53961681627259,1.3796503092105257
303,TOULOUSE_ZONE_003,Toulouse - Zone 3,Toulouse,56417,2.55,43.545518472571814,1.3737969564753354
304,TOULOUSE_ZONE_004,Toulouse - Zone 4,Toulouse,44804,3.59,43.63190212235717,1.4299293812675453
305,TOULOUSE_ZONE_005,Toulouse - Zone 5,Toulouse,51603,5.68,43.59236989692222,1.510734987355543
306,TOULOUSE_ZONE_006,Toulouse - Zone 6,Toulouse,11371,5.83,43.620765614595946,1.4204633897109038
307,TOULOUSE_ZONE_007,Toulouse - Zone 7,Toulouse,45874,3.29,43.54945682813732,1.4413503033927022
308,TOULOUSE_ZONE_008,Toulouse - Zone 8,Toulouse,15092,2.43,43.61370247617669,1.3825816501648491
309,TOULOUSE_ZONE_009,Toulouse - Zone 9,Toulouse,26256,3.66,43.65385541938438,1.4994248258125373
310,TOULOUSE_ZONE_010,Toulouse - Zone 10,Toulouse,58294,5.0,43.62287172488568,1.467031866212773
311,TOULOUSE_ZONE_011,Toulouse - Zone 11,Toulouse,9720,3.85,43.62995299647982,1.4751553900569054
312,TOULOUSE_ZONE_012,Toulouse - Zone 12,Toulouse,9897,1.49,43.6371318036585,1.4136375502127856
313,TOULOUSE_ZONE_013,Toulouse - Zone 13,Toulouse,30270,2.43,43.55372488931401,1.3871202384547245
314,TOULOUSE_ZONE_014,Toulouse - Zone 14,Toulouse,51079,2.7,43.54739994466421,1.465507522024882
315,TOULOUSE_ZONE_015,Toulouse - Zone 15,Toulouse,10009,1.0,43.60957723018543,1.4243911049125582
316,TOULOUSE_ZONE_016,Toulouse - Zone 16,Toulouse,37730,2.37,43.58390849479632,1.4796553548388276
317,TOULOUSE_ZONE_017,Toulouse - Zone 17,Toulouse,58910,5.68,43.620095803552815,1.5055347495229348
318,TOULOUSE_ZONE_018,Toulouse - Zone 18,Toulouse,18196,1.37,43.62355410910816,1.472034993698098
319,TOULOUSE_ZONE_019,Toulouse - Zone 19,Toulouse,25832,2.94,43.59254236369808,1.4613321611905623
320,TOULOUSE_ZONE_020,Toulouse - Zone 20,Toulouse,35143,2.0,43.64549090298694,1.3824108012976322
321,TOULOUSE_ZONE_021,Toulouse - Zone 21,Toulouse,36174,1.11,43.633214862869366,1.4591014800627622
322,TOULOUSE_ZONE_022,Toulouse - Zone 22,Toulouse,42533,4.17,43.53196677801671,1.4274421433740205
323,TOULOUSE_ZONE_023,Toulouse - Zone 23,Toulouse,47277,0.8,43.5574076998966,1.515451853956263
324,TOULOUSE_ZONE_024,Toulouse - Zone 24,Toulouse,58289,1.25,43.56558312064343,1.4166995769500546
325,TOULOUSE_ZONE_025,Toulouse - Zone 25,Toulouse,8506,3.24,43.593604801816575,1.3848697122814744
326,TOULOUSE_ZONE_026,Toulouse - Zone 26,Toulouse,42903,4.37,43.604741975448995,1.4975366723871804
327,TOULOUSE_ZONE_027,Toulouse - Zone 27,Toulouse,31210,0.9,43.66258229792361,1.3709683618500466
328,TOULOUSE_ZONE_028,Toulouse - Zone 28,Toulouse,9228,3.03,43.537158017900126,1.4142897009083737
329,TOULOUSE_ZONE_029,Toulouse - Zone 29,Toulouse,36133,3.65,43.63821983385103,1.4310310335749568
330,TOULOUSE_ZONE_030,Toulouse - Zone 30,Toulouse,15548,2.73,43.6792919505653,1.391699708892491
331,TOULOUSE_ZONE_031,Toulouse - Zone 31,Toulouse,48509,3.03,43.63503760657283,1.4220964305974602
332,TOULOUSE_ZONE_032,Toulouse - Zone 32,Toulouse,36620,5.14,43.56363063597164,1.4584194061284659
333,TOULOUSE_ZONE_033,Toulouse - Zone 33,Toulouse,42338,0.93,43.66398390659127,1.4835287722343364
334,TOULOUSE_ZONE_034,Toulouse - Zone 34,Toulouse,22520,2.33,43.55160123328731,1.4458773255267436
335,TOULOUSE_ZONE_035,Toulouse - Zone 35,Toulouse,15472,3.42,43.55572459300271,1.4883965166918935
336,TOULOUSE_ZONE_036,Toulouse - Zone 36,Toulouse,31009,4.5,43.655731776243975,1.4946059209200022
337,TOULOUSE_ZONE_037,Toulouse - Zone 37,Toulouse,23484,1.07,43.56565491552028,1.391959843590735
338,TOULOUSE_ZONE_038,Toulouse - Zone 38,Toulouse,18018,4.68,43.629581441683,1.3925433806315566
339,TOULOUSE_ZONE_039,Toulouse - Zone 39,Toulouse,58649,3.95,43.598932490962085,1.4543976773260558
340,TOULOUSE_ZONE_040,Toulouse - Zone 40,Toulouse,45976,2.97,43.672564681341704,1.4545186853444478
341,TOULOUSE_ZONE_041,Toulouse - Zone 41,Toulouse,49634,5.93,43.57641331866294,1.5195556902733056
342,TOULOUSE_ZONE_042,Toulouse - Zone 42,Toulouse,28718,1.33,43.53562580135932,1.4349532902138056
343,TOULOUSE_ZONE_043,Toulouse - Zone 43,Toulouse,27845,4.88,43.61932716109296,1.4205107556192123
344,TOULOUSE_ZONE_044,Toulouse - Zone 44,Toulouse,12862,2.21,43.597006218192114,1.3733024081334324
345,TOULOUSE_ZONE_045,Toulouse - Zone 45,Toulouse,26813,0.92,43.66298000542804,1.5010469394329744
346,TOULOUSE_ZONE_046,Toulouse - Zone 46,Toulouse,48305,3.77,43.586217196253195,1.4570527051857904
347,TOULOUSE_ZONE_047,Toulouse - Zone 47,Toulouse,59892,4.56,43.53126363421647,1.5096479930517863
348,TOULOUSE_ZONE_048,Toulouse - Zone 48,Toulouse,45464,4.09,43.576144282060866,1.440300644470891
349,TOULOUSE_ZONE_049,Toulouse - Zone 49,Toulouse,17886,5.77,43.59678369744242,1.4939546898116192
350,TOULOUSE_ZONE_050,Toulouse - Zone 50,Toulouse,30507,5.9,43.53819266112393,1.467580334582995
351,TOULOUSE_ZONE_051,Toulouse - Zone 51,Toulouse,10565,1.86,43.59474132388948,1.4345074866820198
352,TOULOUSE_ZONE_052,Toulouse - Zone 52,Toulouse,42258,3.85,43.582923673549715,1.5110698862587135
353,TOULOUSE_ZONE_053,Toulouse - Zone 53,Toulouse,33389,2.75,43.57883874349463,1.4598617379812782
354,TOULOUSE_ZONE_054,Toulouse - Zone 54,Toulouse,59722,3.97,43.57824389556159,1.4169505208188364
355,TOULOUSE_ZONE_055,Toulouse - Zone 55,Toulouse,44566,4.23,43.5701635158205,1.4799973848003938
356,TOULOUSE_ZONE_056,Toulouse - Zone 56,Toulouse,51028,5.8,43.6211321301857,1.388259732357695
357,TOULOUSE_ZONE_057,Toulouse - Zone 57,Toulouse,13341,3.71,43.54732854089349,1.420171326005735
358,TOULOUSE_ZONE_058,Toulouse - Zone 58,Toulouse,50995,4.34,43.58741327749366,1.459406596504252
359,TOULOUSE_ZONE_059,Toulouse - Zone 59,Toulouse,13552,2.2,43.584968688969006,1.490865913258167
360,TOULOUSE_ZONE_060,Toulouse - Zone 60,Toulouse,16375,4.19,43.65733343566311,1.4824039475407171
361,TOULOUSE_ZONE_061,Toulouse - Zone 61,Toulouse,52919,5.52,43.539652474410566,1.4714729664127901
362,TOULOUSE_ZONE_062,Toulouse - Zone 62,Toulouse,41324,2.49,43.582715627037125,1.393042067660295
363,TOULOUSE_ZONE_063,Toulouse - Zone 63,Toulouse,22037,2.38,43.647284993226855,1.3949208373863018
364,TOULOUSE_ZONE_064,Toulouse - Zone 64,Toulouse,17015,1.35,43.57202673626474,1.4902992277874239
365,TOULOUSE_ZONE_065,Toulouse - Zone 65,Toulouse,41271,4.74,43.65831917226153,1.5055891464788098
366,TOULOUSE_ZONE_066,Toulouse - Zone 66,Toulouse,10473,4.14,43.66492284360684,1.4630850344789612
367,TOULOUSE_ZONE_067,Toulouse - Zone 67,Toulouse,47141,2.57,43.55065955393415,1.49721520907026
368,TOULOUSE_ZONE_068,Toulouse - Zone 68,Toulouse,58534,3.94,43.66912495723431,1.4795892796488683
369,TOULOUSE_ZONE_069,Toulouse - Zone 69,Toulouse,10863,2.76,43.632918067550165,1.402204832231508
370,TOULOUSE_ZONE_070,Toulouse - Zone 70,Toulouse,37111,3.86,43.645082586417836,1.4896080575095747
371,TOULOUSE_ZONE_071,Toulouse - Zone 71,Toulouse,23335,3.44,43.574214863450045,1.4935798193745258
372,TOULOUSE_ZONE_072,Toulouse - Zone 72,Toulouse,38737,5.47,43.55574258819561,1.4727290920104148
373,TOULOUSE_ZONE_073,Toulouse - Zone 73,Toulouse,45383,5.91,43.59856879655056,1.409283477232604
374,TOULOUSE_ZONE_074,Toulouse - Zone 74,Toulouse,33026,3.27,43.59168573227676,1.3901293077193393
375,TOULOUSE_ZONE_075,Toulouse - Zone 75,Toulouse,21087,4.91,43.54684376553655,1.404200513854241
376,TOULOUSE_ZONE_076,Toulouse - Zone 76,Toulouse,50020,3.14,43.58409393705671,1.5136869686396
377,TOULOUSE_ZONE_077,Toulouse - Zone 77,Toulouse,54622,5.15,43.66088656769357,1.4098100822494926
378,TOULOUSE_ZONE_078,Toulouse - Zone 78,Toulouse,58011,1.38,43.596591075259816,1.446336438068567
379,TOULOUSE_ZONE_079,Toulouse - Zone 79,Toulouse,36670,1.0,43.67038079259639,1.49487252093688
380,TOULOUSE_ZONE_080,Toulouse - Zone 80,Toulouse,30910,5.62,43.59108350493104,1.4276326344752395
381,TOULOUSE_ZONE_081,Toulouse - Zone 81,Toulouse,32507,1.8,43.68382405619813,1.4241860277468428
382,TOULOUSE_ZONE_082,Toulouse - Zone 82,Toulouse,9847,2.25,43.54055329990289,1.4785526836037166
383,TOULOUSE_ZONE_083,Toulouse - Zone 83,Toulouse,29973,4.85,43.54671593403614,1.4101007035701227
384,TOULOUSE_ZONE_084,Toulouse - Zone 84,Toulouse,38962,4.33,43.54690683069091,1.477085788046253
385,TOULOUSE_ZONE_085,Toulouse - Zone 85,Toulouse,37399,3.88,43.669637198256524,1.367240621585755
386,TOULOUSE_ZONE_086,Toulouse - Zone 86,Toulouse,22133,5.09,43.612508679271016,1.480557565651989
387,TOULOUSE_ZONE_087,Toulouse - Zone 87,Toulouse,42588,2.83,43.64888762122167,1.4022224362625493
388,TOULOUSE_ZONE_088,Toulouse - Zone 88,Toulouse,15985,0.76,43.59187208700055,1.49122385738231
389,TOULOUSE_ZONE_089,Toulouse - Zone 89,Toulouse,37957,0.85,43.658570035296854,1.4441726755580175
390,TOULOUSE_ZONE_090,Toulouse - Zone 90,Toulouse,43130,0.59,43.607160116833505,1.4029101015073588
391,TOULOUSE_ZONE_091,Toulouse - Zone 91,Toulouse,17409,2.1,43.52495029374934,1.4206505663401654
392,TOULOUSE_ZONE_092,Toulouse - Zone 92,Toulouse,45399,2.79,43.630999408278726,1.3778982327979619
393,TOULOUSE_ZONE_093,Toulouse - Zone 93,Toulouse,31632,0.87,43.60886951125155,1.4453724314527658
394,TOULOUSE_ZONE_094,Toulouse - Zone 94,Toulouse,41267,3.55,43.58717259720961,1.4394216125053576
395,TOULOUSE_ZONE_095,Toulouse - Zone 95,Toulouse,49659,2.63,43.584428381936135,1.4837706546500231
396,TOULOUSE_ZONE_096,Toulouse - Zone 96,Toulouse,31402,4.84,43.57986839890614,1.4814705634321026
397,TOULOUSE_ZONE_097,Toulouse - Zone 97,Toulouse,49173,1.07,43.6178045314493,1.485268628230713
398,TOULOUSE_ZONE_098,Toulouse - Zone 98,Toulouse,16743,0.74,43.61206219923323,1.494361418488974
399,TOULOUSE_ZONE_099,Toulouse - Zone 99,Toulouse,19474,5.07,43.63424921062544,1.521131069726216
400,TOULOUSE_ZONE_100,Toulouse - Zone 100,Toulouse,39361,3.97,43.654539629095616,1.3742960859251558
401,NICE_ZONE_001,Nice - Zone 1,Nice,58868,5.69,43.636117406431964,7.214254558853872
402,NICE_ZONE_002,Nice - Zone 2,Nice,59846,1.6,43.63690495070886,7.331339356792063
403,NICE_ZONE_003,Nice - Zone 3,Nice,41776,2.69,43.760664972904955,7.257743962828295
404,NICE_ZONE_004,Nice - Zone 4,Nice,10399,4.64,43.660776548917426,7.2391158681656576
405,NICE_ZONE_005,Nice - Zone 5,Nice,59173,0.76,43.73511701880923,7.225714656978219
406,NICE_ZONE_006,Nice - Zone 6,Nice,32118,2.9,43.69420348394311,7.252357861393257
407,NICE_ZONE_007,Nice - Zone 7,Nice,33339,2.36,43.66009075481439,7.292730958578018
408,NICE_ZONE_008,Nice - Zone 8,Nice,32074,5.58,43.71328413656559,7.310183693984284
409,NICE_ZONE_009,Nice - Zone 9,Nice,55650,2.83,43.699097144320554,7.341215706375052
410,NICE_ZONE_010,Nice - Zone 10,Nice,19826,3.5,43.68159382851434,7.194811025771998
411,NICE_ZONE_011,Nice - Zone 11,Nice,51314,2.13,43.701546522095946,7.2968260658098645
412,NICE_ZONE_012,Nice - Zone 12,Nice,18921,4.29,43.68644751740352,7.18877682605602
413,NICE_ZONE_013,Nice - Zone 13,Nice,31105,3.88,43.699790480654904,7.284315089678796
414,NICE_ZONE_014,Nice - Zone 14,Nice,59870,5.71,43.6422065863981,7.2840020060613275
415,NICE_ZONE_015,Nice - Zone 15,Nice,31809,3.32,43.7501836774819,7.207597876254068
416,NICE_ZONE_016,Nice - Zone 16,Nice,10040,1.29,43.72741166453134,7.307009915158954
417,NICE_ZONE_017,Nice - Zone 17,Nice,10280,1.19,43.667959260867256,7.285226060111913
418,NICE_ZONE_018,Nice - Zone 18,Nice,31733,2.61,43.72095914267586,7.278815172616765
419,NICE_ZONE_019,Nice - Zone 19,Nice,52503,2.97,43.689554321208014,7.253030286268096
420,NICE_ZONE_020,Nice - Zone 20,Nice,13038,3.66,43.714913581045806,7.2456854473523915
421,NICE_ZONE_021,Nice - Zone 21,Nice,50569,2.03,43.7838832083624,7.186146134538262
422,NICE_ZONE_022,Nice - Zone 22,Nice,20192,3.24,43.69211798080628,7.271867633721543
423,NICE_ZONE_023,Nice - Zone 23,Nice,25155,4.76,43.742846049793094,7.216331268067795
424,NICE_ZONE_024,Nice - Zone 24,Nice,48099,2.07,43.7768366255267,7.260592031240676
425,NICE_ZONE_025,Nice - Zone 25,Nice,16037,1.25,43.642048326268245,7.209625018237446
426,NICE_ZONE_026,Nice - Zone 26,Nice,54751,2.95,43.64424651857676,7.291108681640101
427,NICE_ZONE_027,Nice - Zone 27,Nice,28944,4.17,43.74372647789114,7.269999543597902
428,NICE_ZONE_028,Nice - Zone 28,Nice,27029,5.4,43.766417928120504,7.295889456641153
429,NICE_ZONE_029,Nice - Zone 29,Nice,53889,4.01,43.7571914214152,7.263400919227887
430,NICE_ZONE_030,Nice - Zone 30,Nice,15953,5.92,43.75693050777778,7.219877789485899
431,NICE_ZONE_031,Nice - Zone 31,Nice,40376,0.64,43.71884342996154,7.241025786480195
432,NICE_ZONE_032,Nice - Zone 32,Nice,44152,1.21,43.77167943149354,7.192519696842778
433,NICE_ZONE_033,Nice - Zone 33,Nice,34093,6.0,43.74521914558252,7.266111304772847
434,NICE_ZONE_034,Nice - Zone 34,Nice,58407,2.75,43.722184081356225,7.202052285161471
435,NICE_ZONE_035,Nice - Zone 35,Nice,28776,4.03,43.70219591930608,7.290817438503932
436,NICE_ZONE_036,Nice - Zone 36,Nice,30578,1.21,43.76284859650166,7.270208550977461
437,NICE_ZONE_037,Nice - Zone 37,Nice,46521,1.5,43.784802338229454,7.251218925837115
438,NICE_ZONE_038,Nice - Zone 38,Nice,11631,5.07,43.71309634126784,7.230659926849194
439,NICE_ZONE_039,Nice - Zone 39,Nice,18614,2.27,43.74369314120468,7.237363693174699
440,NICE_ZONE_040,Nice - Zone 40,Nice,42006,5.42,43.76554939298494,7.222096849437119
441,NICE_ZONE_041,Nice - Zone 41,Nice,49619,5.76,43.67411216531416,7.282003577831774
442,NICE_ZONE_042,Nice - Zone 42,Nice,48267,3.43,43.710611703158605,7.208981744279632
443,NICE_ZONE_043,Nice - Zone 43,Nice,46053,1.35,43.735597259741404,7.297301242949963
444,NICE_ZONE_044,Nice - Zone 44,Nice,47658,2.36,43.77802875605061,7.188591088563485
445,NICE_ZONE_045,Nice - Zone 45,Nice,9859,0.95,43.78196749663526,7.305363579007114
446,NICE_ZONE_046,Nice - Zone 46,Nice,25344,4.08,43.75291344014661,7.248653885386119
447,NICE_ZONE_047,Nice - Zone 47,Nice,49876,0.67,43.77243950103183,7.269292397367562
448,NICE_ZONE_048,Nice - Zone 48,Nice,50068,5.76,43.707471170908065,7.310750104674517
449,NICE_ZONE_049,Nice - Zone 49,Nice,52891,2.73,43.70276706127283,7.292178171467677
450,NICE_ZONE_050,Nice - Zone 50,Nice,18359,2.92,43.70768018081718,7.214643682170143
451,NICE_ZONE_051,Nice - Zone 51,Nice,47758,1.29,43.7680376122932,7.233090622823476
452,NICE_ZONE_052,Nice - Zone 52,Nice,30634,5.86,43.651122584248384,7.241286431688046
453,NICE_ZONE_053,Nice - Zone 53,Nice,44808,1.08,43.668878057749836,7.201603505453433
454,NICE_ZONE_054,Nice - Zone 54,Nice,37464,1.86,43.64568986440969,7.228433920795184
455,NICE_ZONE_055,Nice - Zone 55,Nice,33175,5.25,43.69710155893358,7.336029736358293
456,NICE_ZONE_056,Nice - Zone 56,Nice,18466,4.97,43.779600245639905,7.297380548611539
457,NICE_ZONE_057,Nice - Zone 57,Nice,20440,4.7,43.70992248672959,7.264355974277037
458,NICE_ZONE_058,Nice - Zone 58,Nice,40686,5.33,43.7097792436876,7.196407855207005
459,NICE_ZONE_059,Nice - Zone 59,Nice,33771,3.28,43.7848698608884,7.216423107604198
460,NICE_ZONE_060,Nice - Zone 60,Nice,31127,0.77,43.67521701413977,7.277603003361629
461,NICE_ZONE_061,Nice - Zone 61,Nice,50877,4.2,43.67591974103056,7.183308384951558
462,NICE_ZONE_062,Nice - Zone 62,Nice,15044,2.87,43.77139291694697,7.298401290137503
463,NICE_ZONE_063,Nice - Zone 63,Nice,58060,2.72,43.6374387831218,7.190185229981281
464,NICE_ZONE_064,Nice - Zone 64,Nice,44819,1.57,43.718715668259385,7.193765079958855
465,NICE_ZONE_065,Nice - Zone 65,Nice,41046,2.98,43.71817713432279,7.314049810873378
466,NICE_ZONE_066,Nice - Zone 66,Nice,48844,4.24,43.649209763155774,7.338013250466205
467,NICE_ZONE_067,Nice - Zone 67,Nice,33814,2.55,43.788086026309834,7.27125309412354
468,NICE_ZONE_068,Nice - Zone 68,Nice,31960,4.65,43.662049261048395,7.263459602596028
469,NICE_ZONE_069,Nice - Zone 69,Nice,40773,0.72,43.6364262345994,7.296174695411969
470,NICE_ZONE_070,Nice - Zone 70,Nice,39047,3.36,43.654030506332234,7.324901070732481
471,NICE_ZONE_071,Nice - Zone 71,Nice,17160,2.3,43.72829089937035,7.20800032734031
472,NICE_ZONE_072,Nice - Zone 72,Nice,48402,4.57,43.67807749480453,7.235819752344268
473,NICE_ZONE_073,Nice - Zone 73,Nice,41404,3.43,43.74359836902967,7.229966490357985
474,NICE_ZONE_074,Nice - Zone 74,Nice,9090,2.53,43.73800902279568,7.338783684988665
475,NICE_ZONE_075,Nice - Zone 75,Nice,46253,2.19,43.77400273667016,7.321535858259253
476,NICE_ZONE_076,Nice - Zone 76,Nice,49239,0.65,43.70613443425361,7.336731311387528
477,NICE_ZONE_077,Nice - Zone 77,Nice,59308,5.85,43.72275589315609,7.218406916047811
478,NICE_ZONE_078,Nice - Zone 78,Nice,11365,3.71,43.65748192987947,7.282644038583258
479,NICE_ZONE_079,Nice - Zone 79,Nice,48615,4.76,43.69103045381043,7.313465806580456
480,NICE_ZONE_080,Nice - Zone 80,Nice,23872,0.67,43.78191282732549,7.199583283413391
481,NICE_ZONE_081,Nice - Zone 81,Nice,9241,2.93,43.69720484770707,7.248073617566228
482,NICE_ZONE_082,Nice - Zone 82,Nice,21362,2.76,43.754195568289134,7.329283351983554
483,NICE_ZONE_083,Nice - Zone 83,Nice,56223,4.5,43.743124037144284,7.264989313849617
484,NICE_ZONE_084,Nice - Zone 84,Nice,44758,2.29,43.736156287954294,7.266076344224005
485,NICE_ZONE_085,Nice - Zone 85,Nice,28562,5.76,43.703746165123135,7.2673003303317145
486,NICE_ZONE_086,Nice - Zone 86,Nice,43800,2.45,43.7537183654638,7.297347929812366
487,NICE_ZONE_087,Nice - Zone 87,Nice,50159,4.92,43.67249794932613,7.259468816271143
488,NICE_ZONE_088,Nice - Zone 88,Nice,24155,2.03,43.67795986579045,7.332637687412394
489,NICE_ZONE_089,Nice - Zone 89,Nice,27504,4.74,43.74298414989386,7.2924383858501765
490,NICE_ZONE_090,Nice - Zone 90,Nice,40047,2.24,43.68600850787221,7.331392059963328
491,NICE_ZONE_091,Nice - Zone 91,Nice,55294,2.0,43.64969985691724,7.290259559325207
492,NICE_ZONE_092,Nice - Zone 92,Nice,32883,5.43,43.69332519290254,7.2372215480263336
493,NICE_ZONE_093,Nice - Zone 93,Nice,58663,4.93,43.67667242431887,7.228020854658262
494,NICE_ZONE_094,Nice - Zone 94,Nice,54801,0.93,43.77804154110238,7.286955528088145
495,NICE_ZONE_095,Nice - Zone 95,Nice,56977,3.13,43.662530881152094,7.268172467793384
496,NICE_ZONE_096,Nice - Zone 96,Nice,44832,4.33,43.65216367276815,7.280508325506318
497,NICE_ZONE_097,Nice - Zone 97,Nice,46458,1.82,43.63832246879319,7.326829470552255
498,NICE_ZONE_098,Nice - Zone 98,Nice,22789,4.01,43.638598577094314,7.248128218567721
499,NICE_ZONE_099,Nice - Zone 99,Nice,55012,3.1,43.73919071785303,7.203994725471951
500,NICE_ZONE_100,Nice - Zone 100,Nice,44067,5.88,43.65547057219375,7.286462847632207
501,NANTES_ZONE_001,Nantes - Zone 1,Nantes,39175,3.13,47.17031295594682,-1.4793737537774503
502,NANTES_ZONE_002,Nantes - Zone 2,Nantes,29048,2.07,47.14786601379864,-1.5106040010339492
503,NANTES_ZONE_003,Nantes - Zone 3,Nantes,50749,3.66,47.22402436430298,-1.5179011714812123
504,NANTES_ZONE_004,Nantes - Zone 4,Nantes,10444,5.52,47.16641036407696,-1.4924408042936268
505,NANTES_ZONE_005,Nantes - Zone 5,Nantes,19520,5.64,47.144214375874014,-1.499807488301999
506,NANTES_ZONE_006,Nantes - Zone 6,Nantes,59639,3.22,47.28825739916444,-1.4796589791866652
507,NANTES_ZONE_007,Nantes - Zone 7,Nantes,26970,5.32,47.13988274695682,-1.5427261010136808
508,NANTES_ZONE_008,Nantes - Zone 8,Nantes,15032,5.61,47.192006738191324,-1.5609041474949128
509,NANTES_ZONE_009,Nantes - Zone 9,Nantes,50029,3.49,47.21742598725469,-1.4834303197214604
510,NANTES_ZONE_010,Nantes - Zone 10,Nantes,41044,3.07,47.16924982372381,-1.6155765182367754
511,NANTES_ZONE_011,Nantes - Zone 11,Nantes,18649,4.52,47.24212565419348,-1.518624292247058
512,NANTES_ZONE_012,Nantes - Zone 12,Nantes,8923,4.55,47.264922826308045,-1.54275500441265
513,NANTES_ZONE_013,Nantes - Zone 13,Nantes,57629,1.56,47.236152719946084,-1.5314038729464499
514,NANTES_ZONE_014,Nantes - Zone 14,Nantes,34574,5.05,47.22084490543357,-1.6197219568242631
515,NANTES_ZONE_015,Nantes - Zone 15,Nantes,51860,1.02,47.295469630790485,-1.5572073442416172
516,NANTES_ZONE_016,Nantes - Zone 16,Nantes,24256,0.54,47.19977190250817,-1.5621223165109674
517,NANTES_ZONE_017,Nantes - Zone 17,Nantes,25497,5.75,47.18671133435066,-1.5179387954558405
518,NANTES_ZONE_018,Nantes - Zone 18,Nantes,8749,1.94,47.195928334489786,-1.5957915876124809
519,NANTES_ZONE_019,Nantes - Zone 19,Nantes,51764,1.15,47.18748901472058,-1.5687333419250566
520,NANTES_ZONE_020,Nantes - Zone 20,Nantes,40933,5.58,47.28044822624154,-1.5104254324066904
521,NANTES_ZONE_021,Nantes - Zone 21,Nantes,53238,1.15,47.2849808617361,-1.5863939839750005
522,NANTES_ZONE_022,Nantes - Zone 22,Nantes,48280,1.71,47.29157768589684,-1.5570908960423642
523,NANTES_ZONE_023,Nantes - Zone 23,Nantes,37817,4.61,47.23531823169425,-1.5670647015310042
524,NANTES_ZONE_024,Nantes - Zone 24,Nantes,43994,5.52,47.259576083728696,-1.505280801315195
525,NANTES_ZONE_025,Nantes - Zone 25,Nantes,22313,4.69,47.2472547071871,-1.5382696855150044
526,NANTES_ZONE_026,Nantes - Zone 26,Nantes,59601,0.95,47.20987967639944,-1.5209974199750604
527,NANTES_ZONE_027,Nantes - Zone 27,Nantes,13118,5.54,47.15635340664596,-1.500996151366652
528,NANTES_ZONE_028,Nantes - Zone 28,Nantes,41127,1.61,47.22426562532169,-1.6072740549467592
529,NANTES_ZONE_029,Nantes - Zone 29,Nantes,42101,2.93,47.24724723807025,-1.518893125411096
530,NANTES_ZONE_030,Nantes - Zone 30,Nantes,40035,1.0,47.22006005664526,-1.5042092666916422
531,NANTES_ZONE_031,Nantes - Zone 31,Nantes,37716,1.23,47.20486793181515,-1.5433742103842059
532,NANTES_ZONE_032,Nantes - Zone 32,Nantes,44621,3.04,47.267506456408704,-1.5178751872279996
533,NANTES_ZONE_033,Nantes - Zone 33,Nantes,33948,1.9,47.13888247545458,-1.5987357906123267
534,NANTES_ZONE_034,Nantes - Zone 34,Nantes,12786,0.75,47.193524618649946,-1.6233984140620668
535,NANTES_ZONE_035,Nantes - Zone 35,Nantes,11948,5.64,47.149443063385654,-1.4841959099864113
536,NANTES_ZONE_036,Nantes - Zone 36,Nantes,10079,2.08,47.167197012292114,-1.61193138136169
537,NANTES_ZONE_037,Nantes - Zone 37,Nantes,50042,5.88,47.241740930895546,-1.5663420897788276
538,NANTES_ZONE_038,Nantes - Zone 38,Nantes,33066,2.97,47.28513841226908,-1.5732005840591843
539,NANTES_ZONE_039,Nantes - Zone 39,Nantes,13259,4.26,47.24428680610008,-1.5473119577729824
540,NANTES_ZONE_040,Nantes - Zone 40,Nantes,50830,5.23,47.15738130676565,-1.4747445158275863
541,NANTES_ZONE_041,Nantes - Zone 41,Nantes,33759,3.41,47.254857302544984,-1.5979695654453974
542,NANTES_ZONE_042,Nantes - Zone 42,Nantes,8227,4.66,47.294958509228664,-1.5595193758088353
543,NANTES_ZONE_043,Nantes - Zone 43,Nantes,55126,3.49,47.223509377359484,-1.5018623300198746
544,NANTES_ZONE_044,Nantes - Zone 44,Nantes,24220,3.03,47.163219419712604,-1.6034431278021213
545,NANTES_ZONE_045,Nantes - Zone 45,Nantes,55515,4.71,47.1435547703856,-1.5279683702716345
546,NANTES_ZONE_046,Nantes - Zone 46,Nantes,48299,4.71,47.27980105949526,-1.631096672581832
547,NANTES_ZONE_047,Nantes - Zone 47,Nantes,21505,0.87,47.2334310635967,-1.5621694294002237
548,NANTES_ZONE_048,Nantes - Zone 48,Nantes,52041,4.37,47.146188211399,-1.5151134274432223
549,NANTES_ZONE_049,Nantes - Zone 49,Nantes,34362,2.91,47.22476156942519,-1.5128982866004346
550,NANTES_ZONE_050,Nantes - Zone 50,Nantes,58860,0.81,47.21902333583055,-1.5873178477833731
551,NANTES_ZONE_051,Nantes - Zone 51,Nantes,55940,3.67,47.230795970342065,-1.5099938860028603
552,NANTES_ZONE_052,Nantes - Zone 52,Nantes,29015,1.8,47.27860133154781,-1.47588871028398
553,NANTES_ZONE_053,Nantes - Zone 53,Nantes,42160,1.72,47.18648015260119,-1.6238467780629182
554,NANTES_ZONE_054,Nantes - Zone 54,Nantes,46775,5.34,47.28425242649929,-1.5334410979762674
555,NANTES_ZONE_055,Nantes - Zone 55,Nantes,35997,3.56,47.145901455512394,-1.5784936272363825
556,NANTES_ZONE_056,Nantes - Zone 56,Nantes,50160,4.19,47.264128735356884,-1.5826024868293902
557,NANTES_ZONE_057,Nantes - Zone 57,Nantes,35284,2.75,47.18638215910967,-1.6041793634004402
558,NANTES_ZONE_058,Nantes - Zone 58,Nantes,43253,3.1,47.27429454916161,-1.5854821729927764
559,NANTES_ZONE_059,Nantes - Zone 59,Nantes,54371,1.29,47.21248402551978,-1.6243801704855134
560,NANTES_ZONE_060,Nantes - Zone 60,Nantes,35045,5.82,47.22756588131189,-1.6121451598305476
561,NANTES_ZONE_061,Nantes - Zone 61,Nantes,23915,1.9,47.19124207897986,-1.6209487306568313
562,NANTES_ZONE_062,Nantes - Zone 62,Nantes,37477,5.16,47.1531942394443,-1.5176664460308478
563,NANTES_ZONE_063,Nantes - Zone 63,Nantes,20483,0.78,47.19874687599382,-1.5368048885787464
564,NANTES_ZONE_064,Nantes - Zone 64,Nantes,10591,5.3,47.16850612702925,-1.5117285731940464
565,NANTES_ZONE_065,Nantes - Zone 65,Nantes,55468,4.19,47.173122643470045,-1.60017774583164
566,NANTES_ZONE_066,Nantes - Zone 66,Nantes,29821,2.17,47.28383906571309,-1.5997107564721589
567,NANTES_ZONE_067,Nantes - Zone 67,Nantes,20453,5.79,47.15717059191093,-1.4736684788771501
568,NANTES_ZONE_068,Nantes - Zone 68,Nantes,39386,5.53,47.2497002057128,-1.5209970267718875
569,NANTES_ZONE_069,Nantes - Zone 69,Nantes,33993,5.53,47.22673268680765,-1.5095177788697969
570,NANTES_ZONE_070,Nantes - Zone 70,Nantes,32947,3.06,47.24219541439922,-1.5842524345140916
571,NANTES_ZONE_071,Nantes - Zone 71,Nantes,31569,3.32,47.21796436689616,-1.6178226829495232
572,NANTES_ZONE_072,Nantes - Zone 72,Nantes,55344,3.08,47.272756989050194,-1.4873071201764019
573,NANTES_ZONE_073,Nantes - Zone 73,Nantes,32294,2.22,47.145714471676975,-1.495346425364883
574,NANTES_ZONE_074,Nantes - Zone 74,Nantes,56578,1.3,47.18012385758556,-1.4840386799525835
575,NANTES_ZONE_075,Nantes - Zone 75,Nantes,45954,4.46,47.18563076600124,-1.6022093147637066
576,NANTES_ZONE_076,Nantes - Zone 76,Nantes,23074,2.59,47.27173803444592,-1.5537117628209085
577,NANTES_ZONE_077,Nantes - Zone 77,Nantes,50900,5.69,47.192410285445845,-1.5114622998933889
578,NANTES_ZONE_078,Nantes - Zone 78,Nantes,40022,5.82,47.24107111270379,-1.555104706787075
579,NANTES_ZONE_079,Nantes - Zone 79,Nantes,19025,4.53,47.19474818693312,-1.6112066354271013
580,NANTES_ZONE_080,Nantes - Zone 80,Nantes,43818,3.19,47.2851039023511,-1.5468581031437834
581,NANTES_ZONE_081,Nantes - Zone 81,Nantes,50061,5.76,47.222231106464655,-1.4993490410248074
582,NANTES_ZONE_082,Nantes - Zone 82,Nantes,12871,5.7,47.24531448694291,-1.511305785028477
583,NANTES_ZONE_083,Nantes - Zone 83,Nantes,35026,1.26,47.2393122636693,-1.6227251293335325
584,NANTES_ZONE_084,Nantes - Zone 84,Nantes,17897,0.55,47.21931726715089,-1.5738878891701102
585,NANTES_ZONE_085,Nantes - Zone 85,Nantes,48490,4.01,47.28782459537568,-1.4875597672424268
586,NANTES_ZONE_086,Nantes - Zone 86,Nantes,51206,3.18,47.139457977118745,-1.545337030254199
587,NANTES_ZONE_087,Nantes - Zone 87,Nantes,8776,0.59,47.25395083546012,-1.547881903532172
588,NANTES_ZONE_088,Nantes - Zone 88,Nantes,26788,0.59,47.268505155346226,-1.5257547276609265
589,NANTES_ZONE_089,Nantes - Zone 89,Nantes,19748,1.09,47.15381022244023,-1.60977640228156
590,NANTES_ZONE_090,Nantes - Zone 90,Nantes,20578,3.91,47.17878691141035,-1.5768894238623086
591,NANTES_ZONE_091,Nantes - Zone 91,Nantes,34011,0.93,47.29188764706377,-1.5601603607118104
592,NANTES_ZONE_092,Nantes - Zone 92,Nantes,23938,5.95,47.17453716042039,-1.5241533399247384
593,NANTES_ZONE_093,Nantes - Zone 93,Nantes,13283,4.1,47.27571506544339,-1.5120662639717048
594,NANTES_ZONE_094,Nantes - Zone 94,Nantes,14127,2.73,47.198747130957486,-1.5574391839788975
595,NANTES_ZONE_095,Nantes - Zone 95,Nantes,49729,0.55,47.16582137203537,-1.5536226571019534
596,NANTES_ZONE_096,Nantes - Zone 96,Nantes,36436,4.05,47.19140329871876,-1.4772273242736338
597,NANTES_ZONE_097,Nantes - Zone 97,Nantes,14249,5.42,47.285464354470435,-1.5968373604638375
598,NANTES_ZONE_098,Nantes - Zone 98,Nantes,53369,5.38,47.21448004602325,-1.626150084681321
599,NANTES_ZONE_099,Nantes - Zone 99,Nantes,12872,4.26,47.18325968220152,-1.5467150882679108
600,NANTES_ZONE_100,Nantes - Zone 100,Nantes,51129,0.68,47.287002617800745,-1.5832824490837358
601,MONTPELLIER_ZONE_001,Montpellier - Zone 1,Montpellier,21576,3.73,43.652260715175494,3.9112338239918976
602,MONTPELLIER_ZONE_002,Montpellier - Zone 2,Montpellier,34102,5.61,43.57978430233294,3.8874333119398026
603,MONTPELLIER_ZONE_003,Montpellier - Zone 3,Montpellier,45138,5.09,43.59416505717878,3.9406441227204354
604,MONTPELLIER_ZONE_004,Montpellier - Zone 4,Montpellier,29740,2.61,43.65025922734731,3.9236796936374643
605,MONTPELLIER_ZONE_005,Montpellier - Zone 5,Montpellier,53174,4.48,43.612026856262034,3.9530917323897596
606,MONTPELLIER_ZONE_006,Montpellier - Zone 6,Montpellier,11519,1.04,43.56904304070314,3.809362919450513
607,MONTPELLIER_ZONE_007,Montpellier - Zone 7,Montpellier,47660,4.73,43.684677343506344,3.860672487889434
608,MONTPELLIER_ZONE_008,Montpellier - Zone 8,Montpellier,58695,2.3,43.633359671584756,3.9225677022368743
609,MONTPELLIER_ZONE_009,Montpellier - Zone 9,Montpellier,37527,3.2,43.58882979163293,3.9477828551953165
610,MONTPELLIER_ZONE_010,Montpellier - Zone 10,Montpellier,36301,1.52,43.625640019393764,3.858011634165876
611,MONTPELLIER_ZONE_011,Montpellier - Zone 11,Montpellier,58604,3.9,43.659588827808435,3.911297365228542
612,MONTPELLIER_ZONE_012,Montpellier - Zone 12,Montpellier,13376,1.97,43.59269999889335,3.9226224450992357
613,MONTPELLIER_ZONE_013,Montpellier - Zone 13,Montpellier,18110,4.57,43.58256851658904,3.814248146833802
614,MONTPELLIER_ZONE_014,Montpellier - Zone 14,Montpellier,8340,5.69,43.60305773839941,3.919015438592156
615,MONTPELLIER_ZONE_015,Montpellier - Zone 15,Montpellier,14699,1.23,43.56188268536446,3.8690149883234324
616,MONTPELLIER_ZONE_016,Montpellier - Zone 16,Montpellier,44355,3.32,43.548426868374655,3.811539014713662
617,MONTPELLIER_ZONE_017,Montpellier - Zone 17,Montpellier,44321,1.01,43.62758700764708,3.8491088528915864
618,MONTPELLIER_ZONE_018,Montpellier - Zone 18,Montpellier,33246,0.57,43.5981096111629,3.921867056899905
619,MONTPELLIER_ZONE_019,Montpellier - Zone 19,Montpellier,55503,5.46,43.67673321189014,3.953707690242222
620,MONTPELLIER_ZONE_020,Montpellier - Zone 20,Montpellier,45483,3.37,43.64155055868713,3.8243202792392257
621,MONTPELLIER_ZONE_021,Montpellier - Zone 21,Montpellier,25623,2.16,43.61079983075373,3.807322744044313
622,MONTPELLIER_ZONE_022,Montpellier - Zone 22,Montpellier,36486,2.02,43.57986036062745,3.922426659866478
623,MONTPELLIER_ZONE_023,Montpellier - Zone 23,Montpellier,31666,1.88,43.57135441093552,3.8972053900430232
624,MONTPELLIER_ZONE_024,Montpellier - Zone 24,Montpellier,46915,3.89,43.60515786126491,3.8188783241089084
625,MONTPELLIER_ZONE_025,Montpellier - Zone 25,Montpellier,8443,5.72,43.58505475444986,3.8964307500599507
626,MONTPELLIER_ZONE_026,Montpellier - Zone 26,Montpellier,29596,2.92,43.60079859535155,3.92896563842238
627,MONTPELLIER_ZONE_027,Montpellier - Zone 27,Montpellier,50666,5.86,43.55367991545252,3.8485064248600143
628,MONTPELLIER_ZONE_028,Montpellier - Zone 28,Montpellier,53566,1.6,43.58216932499127,3.951531939695167
629,MONTPELLIER_ZONE_029,Montpellier - Zone 29,Montpellier,28915,2.1,43.64309324282753,3.8757611700627366
630,MONTPELLIER_ZONE_030,Montpellier - Zone 30,Montpellier,45740,4.8,43.584041797990864,3.842048023434275
631,MONTPELLIER_ZONE_031,Montpellier - Zone 31,Montpellier,59502,2.66,43.55012205177792,3.887416081380606
632,MONTPELLIER_ZONE_032,Montpellier - Zone 32,Montpellier,46812,5.98,43.560688354017394,3.9200188652397387
633,MONTPELLIER_ZONE_033,Montpellier - Zone 33,Montpellier,9763,5.74,43.6057595556533,3.9105387282009705
634,MONTPELLIER_ZONE_034,Montpellier - Zone 34,Montpellier,36734,4.89,43.664905089393656,3.8082653875100205
635,MONTPELLIER_ZONE_035,Montpellier - Zone 35,Montpellier,34813,4.2,43.554168659631415,3.845653222801711
636,MONTPELLIER_ZONE_036,Montpellier - Zone 36,Montpellier,24559,4.12,43.646337822607904,3.9234522821152105
637,MONTPELLIER_ZONE_037,Montpellier - Zone 37,Montpellier,12847,2.97,43.62756941676049,3.890359043074614
638,MONTPELLIER_ZONE_038,Montpellier - Zone 38,Montpellier,43020,3.29,43.67916274951653,3.9078734185436974
639,MONTPELLIER_ZONE_039,Montpellier - Zone 39,Montpellier,43628,0.7,43.6868484865183,3.909461485928895
640,MONTPELLIER_ZONE_040,Montpellier - Zone 40,Montpellier,43186,3.77,43.678204199796895,3.814699108039086
641,MONTPELLIER_ZONE_041,Montpellier - Zone 41,Montpellier,24268,4.12,43.58870141111176,3.9007199756773447
642,MONTPELLIER_ZONE_042,Montpellier - Zone 42,Montpellier,10903,3.6,43.63510499262508,3.900678976964495
643,MONTPELLIER_ZONE_043,Montpellier - Zone 43,Montpellier,57327,2.32,43.65929697030837,3.814151128256974
644,MONTPELLIER_ZONE_044,Montpellier - Zone 44,Montpellier,14462,1.92,43.61360819848401,3.880207642695896
645,MONTPELLIER_ZONE_045,Montpellier - Zone 45,Montpellier,46044,4.28,43.56726507778856,3.8570591308488065
646,MONTPELLIER_ZONE_046,Montpellier - Zone 46,Montpellier,38347,4.75,43.62607439304642,3.877274525059158
647,MONTPELLIER_ZONE_047,Montpellier - Zone 47,Montpellier,30607,5.99,43.60914337351864,3.8444691552829453
648,MONTPELLIER_ZONE_048,Montpellier - Zone 48,Montpellier,13626,1.14,43.68240818530339,3.819868028293048
649,MONTPELLIER_ZONE_049,Montpellier - Zone 49,Montpellier,28440,2.39,43.65738319960459,3.880578372768076
650,MONTPELLIER_ZONE_050,Montpellier - Zone 50,Montpellier,30826,3.12,43.60200655012368,3.908682122483787
651,MONTPELLIER_ZONE_051,Montpellier - Zone 51,Montpellier,28900,0.87,43.53904928842805,3.9109246383608407
652,MONTPELLIER_ZONE_052,Montpellier - Zone 52,Montpellier,9480,5.17,43.635575186764434,3.9055422932625414
653,MONTPELLIER_ZONE_053,Montpellier - Zone 53,Montpellier,18771,5.61,43.65037831755151,3.8797590243035
654,MONTPELLIER_ZONE_054,Montpellier - Zone 54,Montpellier,44169,1.38,43.621475832398374,3.950554019477432
655,MONTPELLIER_ZONE_055,Montpellier - Zone 55,Montpellier,23194,4.89,43.632661651020584,3.8270219080453862
656,MONTPELLIER_ZONE_056,Montpellier - Zone 56,Montpellier,51077,2.88,43.53657076389478,3.8954571099795072
657,MONTPELLIER_ZONE_057,Montpellier - Zone 57,Montpellier,20931,2.97,43.60062845457654,3.797912006932182
658,MONTPELLIER_ZONE_058,Montpellier - Zone 58,Montpellier,22076,1.63,43.65227207925768,3.9265967661810017
659,MONTPELLIER_ZONE_059,Montpellier - Zone 59,Montpellier,12100,3.68,43.65982037710187,3.8831022416913035
660,MONTPELLIER_ZONE_060,Montpellier - Zone 60,Montpellier,31972,2.29,43.60510806755299,3.839176543272378
661,MONTPELLIER_ZONE_061,Montpellier - Zone 61,Montpellier,40078,3.4,43.634157373706586,3.8927153326852793
662,MONTPELLIER_ZONE_062,Montpellier - Zone 62,Montpellier,48062,2.66,43.550177131733804,3.85351758790674
663,MONTPELLIER_ZONE_063,Montpellier - Zone 63,Montpellier,38006,3.9,43.66209812068175,3.910158137751357
664,MONTPELLIER_ZONE_064,Montpellier - Zone 64,Montpellier,27493,5.55,43.626326938396396,3.9047376130747176
665,MONTPELLIER_ZONE_065,Montpellier - Zone 65,Montpellier,28524,1.15,43.58076080040568,3.8264871229330377
666,MONTPELLIER_ZONE_066,Montpellier - Zone 66,Montpellier,53445,1.28,43.5940541230896,3.8926281307910293
667,MONTPELLIER_ZONE_067,Montpellier - Zone 67,Montpellier,45670,2.61,43.56162059188684,3.898880262729382
668,MONTPELLIER_ZONE_068,Montpellier - Zone 68,Montpellier,53444,5.56,43.68081119003284,3.824917568343774
669,MONTPELLIER_ZONE_069,Montpellier - Zone 69,Montpellier,18935,3.19,43.55434744561565,3.8475328023457354
670,MONTPELLIER_ZONE_070,Montpellier - Zone 70,Montpellier,37556,3.91,43.670383556937026,3.949494712078075
671,MONTPELLIER_ZONE_071,Montpellier - Zone 71,Montpellier,39759,1.25,43.66233455050462,3.9514126543063908
672,MONTPELLIER_ZONE_072,Montpellier - Zone 72,Montpellier,41124,4.09,43.59736149573886,3.8758761408038502
673,MONTPELLIER_ZONE_073,Montpellier - Zone 73,Montpellier,54539,5.12,43.610091921910346,3.810427300125835
674,MONTPELLIER_ZONE_074,Montpellier - Zone 74,Montpellier,10022,4.88,43.56718472100745,3.8024312138972913
675,MONTPELLIER_ZONE_075,Montpellier - Zone 75,Montpellier,22735,3.46,43.55881343638985,3.870371421963752
676,MONTPELLIER_ZONE_076,Montpellier - Zone 76,Montpellier,56661,4.75,43.61115013488498,3.8789289568343297
677,MONTPELLIER_ZONE_077,Montpellier - Zone 77,Montpellier,45533,1.13,43.655918084458236,3.9289252492796107
678,MONTPELLIER_ZONE_078,Montpellier - Zone 78,Montpellier,32042,3.48,43.65298579878999,3.9188006609427695
679,MONTPELLIER_ZONE_079,Montpellier - Zone 79,Montpellier,36925,3.5,43.69026411646027,3.8135866302204
680,MONTPELLIER_ZONE_080,Montpellier - Zone 80,Montpellier,50839,4.63,43.57953342961646,3.9570900270846256
681,MONTPELLIER_ZONE_081,Montpellier - Zone 81,Montpellier,37473,1.95,43.6698519400796,3.8111172809589746
682,MONTPELLIER_ZONE_082,Montpellier - Zone 82,Montpellier,15693,4.77,43.569811368858666,3.9269124346943056
683,MONTPELLIER_ZONE_083,Montpellier - Zone 83,Montpellier,46530,4.29,43.669667791403235,3.8948418884191165
684,MONTPELLIER_ZONE_084,Montpellier - Zone 84,Montpellier,36060,1.41,43.554177594548285,3.830259144989884
685,MONTPELLIER_ZONE_085,Montpellier - Zone 85,Montpellier,21562,4.93,43.6231118951688,3.882364927579266
686,MONTPELLIER_ZONE_086,Montpellier - Zone 86,Montpellier,47115,3.46,43.58368457853675,3.9098486018808303
687,MONTPELLIER_ZONE_087,Montpellier - Zone 87,Montpellier,26961,3.65,43.68428357527019,3.879506398136006
688,MONTPELLIER_ZONE_088,Montpellier - Zone 88,Montpellier,52518,4.98,43.55359422502848,3.9172150618382586
689,MONTPELLIER_ZONE_089,Montpellier - Zone 89,Montpellier,34974,5.55,43.690697796103144,3.9359276144694046
690,MONTPELLIER_ZONE_090,Montpellier - Zone 90,Montpellier,16315,4.36,43.55313053699693,3.820598950947994
691,MONTPELLIER_ZONE_091,Montpellier - Zone 91,Montpellier,29108,5.06,43.65373577399678,3.9053975285919917
692,MONTPELLIER_ZONE_092,Montpellier - Zone 92,Montpellier,40077,1.28,43.633084317193884,3.897650051324636
693,MONTPELLIER_ZONE_093,Montpellier - Zone 93,Montpellier,32587,2.99,43.63328044213605,3.938020013009172
694,MONTPELLIER_ZONE_094,Montpellier - Zone 94,Montpellier,14101,2.72,43.65186838125971,3.9083525785164075
695,MONTPELLIER_ZONE_095,Montpellier - Zone 95,Montpellier,32187,3.0,43.60998711687003,3.890312887147037
696,MONTPELLIER_ZONE_096,Montpellier - Zone 96,Montpellier,58733,5.16,43.54680266529433,3.952744046710073
697,MONTPELLIER_ZONE_097,Montpellier - Zone 97,Montpellier,49604,4.15,43.589215636694554,3.8073329097696282
698,MONTPELLIER_ZONE_098,Montpellier - Zone 98,Montpellier,43024,2.69,43.68680057281213,3.929175623621764
699,MONTPELLIER_ZONE_099,Montpellier - Zone 99,Montpellier,40421,1.98,43.664434978727805,3.851240824827326
700,MONTPELLIER_ZONE_100,Montpellier - Zone 100,Montpellier,45875,1.22,43.66828761220614,3.9233285845562693
701,STRASBOURG_ZONE_001,Strasbourg - Zone 1,Strasbourg,52731,4.69,48.50075086810538,7.772288723544944
702,STRASBOURG_ZONE_002,Strasbourg - Zone 2,Strasbourg,38119,0.59,48.642109260055605,7.697377362395867
703,STRASBOURG_ZONE_003,Strasbourg - Zone 3,Strasbourg,37918,0.5,48.646685083088634,7.7044709130235844
704,STRASBOURG_ZONE_004,Strasbourg - Zone 4,Strasbourg,53127,5.5,48.63454364224672,7.720398480700228
705,STRASBOURG_ZONE_005,Strasbourg - Zone 5,Strasbourg,25958,1.01,48.55106966134356,7.685287284912877
706,STRASBOURG_ZONE_006,Strasbourg - Zone 6,Strasbourg,51549,5.47,48.51988401266549,7.735514650709158
707,STRASBOURG_ZONE_007,Strasbourg - Zone 7,Strasbourg,28021,4.49,48.61423714513081,7.740776950520856
708,STRASBOURG_ZONE_008,Strasbourg - Zone 8,Strasbourg,13976,4.37,48.493573808590675,7.748389073321746
709,STRASBOURG_ZONE_009,Strasbourg - Zone 9,Strasbourg,16696,3.77,48.57651108074186,7.743310700284585
710,STRASBOURG_ZONE_010,Strasbourg - Zone 10,Strasbourg,8528,4.33,48.62413744430613,7.830204785514284
711,STRASBOURG_ZONE_011,Strasbourg - Zone 11,Strasbourg,35676,4.32,48.56983203863004,7.708731498793448
712,STRASBOURG_ZONE_012,Strasbourg - Zone 12,Strasbourg,13854,4.52,48.50978834727192,7.722236236390545
713,STRASBOURG_ZONE_013,Strasbourg - Zone 13,Strasbourg,27611,1.25,48.6171536773841,7.792605248158571
714,STRASBOURG_ZONE_014,Strasbourg - Zone 14,Strasbourg,16725,4.03,48.60174193246705,7.683045857203613
715,STRASBOURG_ZONE_015,Strasbourg - Zone 15,Strasbourg,44915,0.55,48.59740323410525,7.742515907324777
716,STRASBOURG_ZONE_016,Strasbourg - Zone 16,Strasbourg,55345,1.67,48.6131230138199,7.819283059944761
717,STRASBOURG_ZONE_017,Strasbourg - Zone 17,Strasbourg,48375,4.28,48.630994003936344,7.685970085354558
718,STRASBOURG_ZONE_018,Strasbourg - Zone 18,Strasbourg,14584,1.27,48.51310515559861,7.788901463823357
719,STRASBOURG_ZONE_019,Strasbourg - Zone 19,Strasbourg,31038,5.8,48.543720586909146,7.694472830209478
720,STRASBOURG_ZONE_020,Strasbourg - Zone 20,Strasbourg,26151,4.05,48.533106724349736,7.768259849882136
721,STRASBOURG_ZONE_021,Strasbourg - Zone 21,Strasbourg,55263,3.84,48.61803514440212,7.782576172002345
722,STRASBOURG_ZONE_022,Strasbourg - Zone 22,Strasbourg,51149,5.32,48.52627131490439,7.769208299147514
723,STRASBOURG_ZONE_023,Strasbourg - Zone 23,Strasbourg,20363,4.61,48.54068672819873,7.680831060962441
724,STRASBOURG_ZONE_024,Strasbourg - Zone 24,Strasbourg,23685,3.22,48.51143898601661,7.752033206603626
725,STRASBOURG_ZONE_025,Strasbourg - Zone 25,Strasbourg,46923,0.89,48.635595924493906,7.674030721982578
726,STRASBOURG_ZONE_026,Strasbourg - Zone 26,Strasbourg,31664,5.64,48.51451726091723,7.80983024062988
727,STRASBOURG_ZONE_027,Strasbourg - Zone 27,Strasbourg,45249,2.81,48.58081699538582,7.699743249944122
728,STRASBOURG_ZONE_028,Strasbourg - Zone 28,Strasbourg,38868,5.75,48.61665872787594,7.674770304283338
729,STRASBOURG_ZONE_029,Strasbourg - Zone 29,Strasbourg,12425,0.58,48.52791887016276,7.819712686229312
730,STRASBOURG_ZONE_030,Strasbourg - Zone 30,Strasbourg,59726,2.69,48.53923804801532,7.7861206521762005
731,STRASBOURG_ZONE_031,Strasbourg - Zone 31,Strasbourg,58273,2.78,48.60568970217976,7.685288449907944
732,STRASBOURG_ZONE_032,Strasbourg - Zone 32,Strasbourg,43164,3.46,48.51782887100872,7.685475531804451
733,STRASBOURG_ZONE_033,Strasbourg - Zone 33,Strasbourg,13178,3.31,48.52591159903325,7.801389612955305
734,STRASBOURG_ZONE_034,Strasbourg - Zone 34,Strasbourg,43152,2.3,48.58722994608199,7.794215860980185
735,STRASBOURG_ZONE_035,Strasbourg - Zone 35,Strasbourg,50587,4.25,48.50397841337939,7.783888141056879
736,STRASBOURG_ZONE_036,Strasbourg - Zone 36,Strasbourg,55838,5.74,48.53158198210944,7.711216760595099
737,STRASBOURG_ZONE_037,Strasbourg - Zone 37,Strasbourg,36474,1.14,48.59136748710731,7.680904579149831
738,STRASBOURG_ZONE_038,Strasbourg - Zone 38,Strasbourg,51652,4.58,48.61190530883747,7.691210881105262
739,STRASBOURG_ZONE_039,Strasbourg - Zone 39,Strasbourg,54392,1.25,48.49521609650115,7.751526069203635
740,STRASBOURG_ZONE_040,Strasbourg - Zone 40,Strasbourg,30721,3.38,48.618677936246996,7.787422482894954
741,STRASBOURG_ZONE_041,Strasbourg - Zone 41,Strasbourg,18942,2.55,48.61336422145501,7.811853609024006
742,STRASBOURG_ZONE_042,Strasbourg - Zone 42,Strasbourg,56033,5.38,48.61682884647834,7.676797000187649
743,STRASBOURG_ZONE_043,Strasbourg - Zone 43,Strasbourg,36136,2.0,48.503619518259704,7.78607171971208
744,STRASBOURG_ZONE_044,Strasbourg - Zone 44,Strasbourg,45791,3.95,48.57278361102962,7.753825100708156
745,STRASBOURG_ZONE_045,Strasbourg - Zone 45,Strasbourg,11633,3.25,48.584101780518154,7.73093004445709
746,STRASBOURG_ZONE_046,Strasbourg - Zone 46,Strasbourg,24719,4.75,48.63648294722308,7.779959269050096
747,STRASBOURG_ZONE_047,Strasbourg - Zone 47,Strasbourg,15558,1.76,48.574811981585704,7.67914606516205
748,STRASBOURG_ZONE_048,Strasbourg - Zone 48,Strasbourg,8805,1.85,48.568882334332436,7.7333767158987845
749,STRASBOURG_ZONE_049,Strasbourg - Zone 49,Strasbourg,17835,1.48,48.647054743263105,7.677758171835977
750,STRASBOURG_ZONE_050,Strasbourg - Zone 50,Strasbourg,54794,4.57,48.560499088698045,7.72358832231553
751,STRASBOURG_ZONE_051,Strasbourg - Zone 51,Strasbourg,35279,5.54,48.5445896220103,7.804259519288406
752,STRASBOURG_ZONE_052,Strasbourg - Zone 52,Strasbourg,45456,2.55,48.57372655080953,7.816410561481324
753,STRASBOURG_ZONE_053,Strasbourg - Zone 53,Strasbourg,19753,1.73,48.57592386090924,7.679448575537299
754,STRASBOURG_ZONE_054,Strasbourg - Zone 54,Strasbourg,34275,0.88,48.5678150684667,7.717269099299345
755,STRASBOURG_ZONE_055,Strasbourg - Zone 55,Strasbourg,28361,2.3,48.58189462325185,7.673375067769193
756,STRASBOURG_ZONE_056,Strasbourg - Zone 56,Strasbourg,21151,2.1,48.61892115476597,7.790432157877348
757,STRASBOURG_ZONE_057,Strasbourg - Zone 57,Strasbourg,23897,3.05,48.58807054959757,7.751037708136782
758,STRASBOURG_ZONE_058,Strasbourg - Zone 58,Strasbourg,58633,4.77,48.61059413387828,7.759549478817561
759,STRASBOURG_ZONE_059,Strasbourg - Zone 59,Strasbourg,24064,1.33,48.642583605206056,7.675925640956161
760,STRASBOURG_ZONE_060,Strasbourg - Zone 60,Strasbourg,43490,2.41,48.62773184110339,7.812451778280252
761,STRASBOURG_ZONE_061,Strasbourg - Zone 61,Strasbourg,29955,0.51,48.59856861602816,7.807940958044628
762,STRASBOURG_ZONE_062,Strasbourg - Zone 62,Strasbourg,55658,2.19,48.52623109966494,7.829398518703184
763,STRASBOURG_ZONE_063,Strasbourg - Zone 63,Strasbourg,35513,3.21,48.50298321210451,7.831613483217208
764,STRASBOURG_ZONE_064,Strasbourg - Zone 64,Strasbourg,54638,2.04,48.500424042512506,7.709135611745462
765,STRASBOURG_ZONE_065,Strasbourg - Zone 65,Strasbourg,42062,2.77,48.636692470422375,7.7454532845670645
766,STRASBOURG_ZONE_066,Strasbourg - Zone 66,Strasbourg,57014,0.97,48.50869232085398,7.693462216040153
767,STRASBOURG_ZONE_067,Strasbourg - Zone 67,Strasbourg,33844,0.91,48.58425131652627,7.741697260549598
768,STRASBOURG_ZONE_068,Strasbourg - Zone 68,Strasbourg,16566,1.8,48.53515855022778,7.722501426465562
769,STRASBOURG_ZONE_069,Strasbourg - Zone 69,Strasbourg,33752,4.35,48.61105645900518,7.722989235082577
770,STRASBOURG_ZONE_070,Strasbourg - Zone 70,Strasbourg,25822,1.78,48.644368749764816,7.6938778954266756
771,STRASBOURG_ZONE_071,Strasbourg - Zone 71,Strasbourg,58472,3.72,48.51826568821151,7.698399996911963
772,STRASBOURG_ZONE_072,Strasbourg - Zone 72,Strasbourg,38543,2.23,48.51271787793151,7.729425991349977
773,STRASBOURG_ZONE_073,Strasbourg - Zone 73,Strasbourg,58484,1.64,48.542729234914,7.714501268306353
774,STRASBOURG_ZONE_074,Strasbourg - Zone 74,Strasbourg,15858,1.0,48.622615504748886,7.7207743972616045
775,STRASBOURG_ZONE_075,Strasbourg - Zone 75,Strasbourg,54183,4.33,48.499852769297384,7.805847960158078
776,STRASBOURG_ZONE_076,Strasbourg - Zone 76,Strasbourg,29482,1.32,48.60718518372562,7.827044000668219
777,STRASBOURG_ZONE_077,Strasbourg - Zone 77,Strasbourg,33968,3.32,48.60174934031825,7.713726686835396
778,STRASBOURG_ZONE_078,Strasbourg - Zone 78,Strasbourg,19394,0.67,48.55810275623155,7.74445218710417
779,STRASBOURG_ZONE_079,Strasbourg - Zone 79,Strasbourg,57026,3.53,48.50855604431873,7.6884051757858956
780,STRASBOURG_ZONE_080,Strasbourg - Zone 80,Strasbourg,17161,1.17,48.50326706951901,7.797053598955355
781,STRASBOURG_ZONE_081,Strasbourg - Zone 81,Strasbourg,22567,1.22,48.625187746430136,7.73165835901056
782,STRASBOURG_ZONE_082,Strasbourg - Zone 82,Strasbourg,49307,5.66,48.50684630787649,7.765879000352408
783,STRASBOURG_ZONE_083,Strasbourg - Zone 83,Strasbourg,12914,0.62,48.503715525767504,7.816499373109325
784,STRASBOURG_ZONE_084,Strasbourg - Zone 84,Strasbourg,37060,4.95,48.508116582185124,7.807664069544502
785,STRASBOURG_ZONE_085,Strasbourg - Zone 85,Strasbourg,29728,1.17,48.64416490576386,7.6802020321464415
786,STRASBOURG_ZONE_086,Strasbourg - Zone 86,Strasbourg,45610,2.88,48.60930893554091,7.751480222594122
787,STRASBOURG_ZONE_087,Strasbourg - Zone 87,Strasbourg,33082,4.26,48.521049153892925,7.706454576955204
788,STRASBOURG_ZONE_088,Strasbourg - Zone 88,Strasbourg,20265,2.01,48.564761828903464,7.695881025451004
789,STRASBOURG_ZONE_089,Strasbourg - Zone 89,Strasbourg,48246,3.91,48.53272556467924,7.719316826079955
790,STRASBOURG_ZONE_090,Strasbourg - Zone 90,Strasbourg,35000,5.36,48.57004494879362,7.686135448169441
791,STRASBOURG_ZONE_091,Strasbourg - Zone 91,Strasbourg,33101,1.25,48.525313249066656,7.813644402595995
792,STRASBOURG_ZONE_092,Strasbourg - Zone 92,Strasbourg,42459,1.87,48.652453964379035,7.759085069268759
793,STRASBOURG_ZONE_093,Strasbourg - Zone 93,Strasbourg,9279,5.94,48.61850652269527,7.729557937574011
794,STRASBOURG_ZONE_094,Strasbourg - Zone 94,Strasbourg,43685,4.8,48.54844545916638,7.762604178407662
795,STRASBOURG_ZONE_095,Strasbourg - Zone 95,Strasbourg,29076,2.64,48.52217053979166,7.723120410772701
796,STRASBOURG_ZONE_096,Strasbourg - Zone 96,Strasbourg,22353,0.66,48.62311029851262,7.717049226449241
797,STRASBOURG_ZONE_097,Strasbourg - Zone 97,Strasbourg,38912,3.41,48.616094746952044,7.832036919489815
798,STRASBOURG_ZONE_098,Strasbourg - Zone 98,Strasbourg,18461,1.05,48.59849830742019,7.71474432017051
799,STRASBOURG_ZONE_099,Strasbourg - Zone 99,Strasbourg,59854,5.54,48.50234538493639,7.831522727761033
800,STRASBOURG_ZONE_100,Strasbourg - Zone 100,Strasbourg,22379,3.67,48.650626341721285,7.734247603457933
801,BORDEAUX_ZONE_001,Bordeaux - Zone 1,Bordeaux,19384,1.47,44.85260312146903,-0.5302063639424979
802,BORDEAUX_ZONE_002,Bordeaux - Zone 2,Bordeaux,53719,2.47,44.85244999917532,-0.5466475387328139
803,BORDEAUX_ZONE_003,Bordeaux - Zone 3,Bordeaux,31047,5.71,44.847977037885315,-0.5691025774617571
804,BORDEAUX_ZONE_004,Bordeaux - Zone 4,Bordeaux,20336,5.1,44.88746418609813,-0.5039379666659514
805,BORDEAUX_ZONE_005,Bordeaux - Zone 5,Bordeaux,43528,2.2,44.8362698272204,-0.6447588197038556
806,BORDEAUX_ZONE_006,Bordeaux - Zone 6,Bordeaux,23245,3.81,44.76098847838217,-0.5827217618934113
807,BORDEAUX_ZONE_007,Bordeaux - Zone 7,Bordeaux,29740,5.55,44.79003430133634,-0.6383216727009309
808,BORDEAUX_ZONE_008,Bordeaux - Zone 8,Bordeaux,54985,1.48,44.88618791113411,-0.5202852642970219
809,BORDEAUX_ZONE_009,Bordeaux - Zone 9,Bordeaux,11903,0.62,44.851657468014594,-0.5124441364030211
810,BORDEAUX_ZONE_010,Bordeaux - Zone 10,Bordeaux,58748,1.11,44.84200718057235,-0.6008176236145989
811,BORDEAUX_ZONE_011,Bordeaux - Zone 11,Bordeaux,12753,2.55,44.90850771415489,-0.5959047100233834
812,BORDEAUX_ZONE_012,Bordeaux - Zone 12,Bordeaux,14621,2.35,44.80941651269967,-0.5030622925788119
813,BORDEAUX_ZONE_013,Bordeaux - Zone 13,Bordeaux,55995,5.72,44.88449480399998,-0.5054940639410019
814,BORDEAUX_ZONE_014,Bordeaux - Zone 14,Bordeaux,50544,2.25,44.87094926739781,-0.569283630450296
815,BORDEAUX_ZONE_015,Bordeaux - Zone 15,Bordeaux,48220,4.83,44.793517954236904,-0.5649679750747034
816,BORDEAUX_ZONE_016,Bordeaux - Zone 16,Bordeaux,19491,2.58,44.87523919573844,-0.6120772376449725
817,BORDEAUX_ZONE_017,Bordeaux - Zone 17,Bordeaux,19646,4.51,44.90960609667541,-0.5074082944240156
818,BORDEAUX_ZONE_018,Bordeaux - Zone 18,Bordeaux,33663,5.18,44.8811328628125,-0.5684027592272964
819,BORDEAUX_ZONE_019,Bordeaux - Zone 19,Bordeaux,19932,3.81,44.905166114626894,-0.5043949303014503
820,BORDEAUX_ZONE_020,Bordeaux - Zone 20,Bordeaux,22476,4.02,44.77445763728224,-0.5798103907339056
821,BORDEAUX_ZONE_021,Bordeaux - Zone 21,Bordeaux,29703,4.6,44.7958793480239,-0.5020192552095429
822,BORDEAUX_ZONE_022,Bordeaux - Zone 22,Bordeaux,19002,4.0,44.91189273992625,-0.5277341111314705
823,BORDEAUX_ZONE_023,Bordeaux - Zone 23,Bordeaux,51910,4.02,44.89966456243485,-0.5877392105443531
824,BORDEAUX_ZONE_024,Bordeaux - Zone 24,Bordeaux,25380,1.65,44.868708172211406,-0.6031230140964294
825,BORDEAUX_ZONE_025,Bordeaux - Zone 25,Bordeaux,59578,1.09,44.75800498519915,-0.5974500643274545
826,BORDEAUX_ZONE_026,Bordeaux - Zone 26,Bordeaux,56010,2.81,44.784414150863356,-0.5929569338165737
827,BORDEAUX_ZONE_027,Bordeaux - Zone 27,Bordeaux,32819,2.43,44.81785561125449,-0.5265908835893999
828,BORDEAUX_ZONE_028,Bordeaux - Zone 28,Bordeaux,59690,5.25,44.86195513009816,-0.5492543353252617
829,BORDEAUX_ZONE_029,Bordeaux - Zone 29,Bordeaux,18659,2.98,44.88567113052102,-0.653853954154362
830,BORDEAUX_ZONE_030,Bordeaux - Zone 30,Bordeaux,9315,2.25,44.91006594102946,-0.6473279357173346
831,BORDEAUX_ZONE_031,Bordeaux - Zone 31,Bordeaux,19148,5.38,44.78354471918581,-0.6471996126329348
832,BORDEAUX_ZONE_032,Bordeaux - Zone 32,Bordeaux,14101,2.36,44.91544417602258,-0.5162838123765746
833,BORDEAUX_ZONE_033,Bordeaux - Zone 33,Bordeaux,54170,0.67,44.90859076129632,-0.6328004488380938
834,BORDEAUX_ZONE_034,Bordeaux - Zone 34,Bordeaux,36455,1.36,44.774001249755734,-0.6263119237251301
835,BORDEAUX_ZONE_035,Bordeaux - Zone 35,Bordeaux,20450,2.75,44.846457989170595,-0.511108223950894
836,BORDEAUX_ZONE_036,Bordeaux - Zone 36,Bordeaux,43397,1.96,44.80284369175124,-0.6211922744084407
837,BORDEAUX_ZONE_037,Bordeaux - Zone 37,Bordeaux,11252,2.66,44.84574602136595,-0.5806482758598448
838,BORDEAUX_ZONE_038,Bordeaux - Zone 38,Bordeaux,11572,2.48,44.82621695319131,-0.6120720881654057
839,BORDEAUX_ZONE_039,Bordeaux - Zone 39,Bordeaux,51386,3.94,44.834652543592064,-0.6436820964029603
840,BORDEAUX_ZONE_040,Bordeaux - Zone 40,Bordeaux,21562,1.44,44.80448983456738,-0.6460902248459213
841,BORDEAUX_ZONE_041,Bordeaux - Zone 41,Bordeaux,15569,2.2,44.8213947757613,-0.5809445100606949
842,BORDEAUX_ZONE_042,Bordeaux - Zone 42,Bordeaux,51321,1.96,44.86049862120643,-0.5971956612767205
843,BORDEAUX_ZONE_043,Bordeaux - Zone 43,Bordeaux,32315,5.37,44.816904266389116,-0.5878759566728867
844,BORDEAUX_ZONE_044,Bordeaux - Zone 44,Bordeaux,25255,2.92,44.79994412954598,-0.5252673996584869
845,BORDEAUX_ZONE_045,Bordeaux - Zone 45,Bordeaux,44978,0.84,44.87815762273845,-0.5524050465384691
846,BORDEAUX_ZONE_046,Bordeaux - Zone 46,Bordeaux,13616,4.17,44.88710882518464,-0.5929621355405981
847,BORDEAUX_ZONE_047,Bordeaux - Zone 47,Bordeaux,57575,3.74,44.84637630498527,-0.52467245337116
848,BORDEAUX_ZONE_048,Bordeaux - Zone 48,Bordeaux,42247,2.8,44.84348230591663,-0.52049695780711
849,BORDEAUX_ZONE_049,Bordeaux - Zone 49,Bordeaux,39118,3.65,44.79550272311719,-0.6113836625588477
850,BORDEAUX_ZONE_050,Bordeaux - Zone 50,Bordeaux,33873,5.47,44.87208891186086,-0.5788637647495033
851,BORDEAUX_ZONE_051,Bordeaux - Zone 51,Bordeaux,41870,4.9,44.866205581692164,-0.5599563017041116
852,BORDEAUX_ZONE_052,Bordeaux - Zone 52,Bordeaux,15882,5.72,44.82964635779009,-0.5073501627154733
853,BORDEAUX_ZONE_053,Bordeaux - Zone 53,Bordeaux,18955,5.85,44.8871537154111,-0.6390102402178337
854,BORDEAUX_ZONE_054,Bordeaux - Zone 54,Bordeaux,35746,0.93,44.86710007509636,-0.6268929152044426
855,BORDEAUX_ZONE_055,Bordeaux - Zone 55,Bordeaux,49105,1.31,44.85300762474285,-0.6080400817980713
856,BORDEAUX_ZONE_056,Bordeaux - Zone 56,Bordeaux,55651,5.53,44.76852191248778,-0.59710413551764
857,BORDEAUX_ZONE_057,Bordeaux - Zone 57,Bordeaux,34041,3.54,44.8948598689034,-0.5760498915932689
858,BORDEAUX_ZONE_058,Bordeaux - Zone 58,Bordeaux,8810,4.83,44.85748926857421,-0.5755900783280306
859,BORDEAUX_ZONE_059,Bordeaux - Zone 59,Bordeaux,35498,1.12,44.78174277113462,-0.568544971671183
860,BORDEAUX_ZONE_060,Bordeaux - Zone 60,Bordeaux,46186,4.67,44.90814399759794,-0.5112114933185163
861,BORDEAUX_ZONE_061,Bordeaux - Zone 61,Bordeaux,44876,4.79,44.88351930084955,-0.520403957157572
862,BORDEAUX_ZONE_062,Bordeaux - Zone 62,Bordeaux,30535,5.33,44.80006186082726,-0.554433972685832
863,BORDEAUX_ZONE_063,Bordeaux - Zone 63,Bordeaux,45488,3.85,44.763794507279634,-0.6151337372744394
864,BORDEAUX_ZONE_064,Bordeaux - Zone 64,Bordeaux,17427,3.9,44.86673005811413,-0.5949248162760943
865,BORDEAUX_ZONE_065,Bordeaux - Zone 65,Bordeaux,33938,5.39,44.81083905211749,-0.6211873129733909
866,BORDEAUX_ZONE_066,Bordeaux - Zone 66,Bordeaux,56873,3.11,44.800773496791166,-0.5996094886538591
867,BORDEAUX_ZONE_067,Bordeaux - Zone 67,Bordeaux,30142,5.0,44.8062887925517,-0.6143445354904574
868,BORDEAUX_ZONE_068,Bordeaux - Zone 68,Bordeaux,40218,5.22,44.867376324341556,-0.503600537170291
869,BORDEAUX_ZONE_069,Bordeaux - Zone 69,Bordeaux,22939,1.24,44.913675107936534,-0.5883023018669714
870,BORDEAUX_ZONE_070,Bordeaux - Zone 70,Bordeaux,29028,1.98,44.82448363643286,-0.555911230171577
871,BORDEAUX_ZONE_071,Bordeaux - Zone 71,Bordeaux,20316,2.93,44.903949248867,-0.5940527422655287
872,BORDEAUX_ZONE_072,Bordeaux - Zone 72,Bordeaux,39749,4.68,44.89655023528804,-0.5278372172162464
873,BORDEAUX_ZONE_073,Bordeaux - Zone 73,Bordeaux,41768,4.85,44.76829871481791,-0.5456688962616978
874,BORDEAUX_ZONE_074,Bordeaux - Zone 74,Bordeaux,34436,1.25,44.894007254557955,-0.5185067853824231
875,BORDEAUX_ZONE_075,Bordeaux - Zone 75,Bordeaux,9897,1.46,44.897828888980065,-0.6270837158239166
876,BORDEAUX_ZONE_076,Bordeaux - Zone 76,Bordeaux,11776,1.87,44.8308317867405,-0.5123150289054215
877,BORDEAUX_ZONE_077,Bordeaux - Zone 77,Bordeaux,54178,1.6,44.81673630841196,-0.584925045794098
878,BORDEAUX_ZONE_078,Bordeaux - Zone 78,Bordeaux,34014,3.99,44.77761965742251,-0.6543098892188811
879,BORDEAUX_ZONE_079,Bordeaux - Zone 79,Bordeaux,32409,3.19,44.82917654921721,-0.505516739475154
880,BORDEAUX_ZONE_080,Bordeaux - Zone 80,Bordeaux,39102,3.73,44.81376158426315,-0.633037821677144
881,BORDEAUX_ZONE_081,Bordeaux - Zone 81,Bordeaux,24951,4.62,44.86801608601856,-0.6135888997704382
882,BORDEAUX_ZONE_082,Bordeaux - Zone 82,Bordeaux,33333,0.77,44.89441141225369,-0.5344271783770114
883,BORDEAUX_ZONE_083,Bordeaux - Zone 83,Bordeaux,22045,5.21,44.86138078268184,-0.5507687606254448
884,BORDEAUX_ZONE_084,Bordeaux - Zone 84,Bordeaux,25634,4.08,44.839924997401305,-0.5208592111822323
885,BORDEAUX_ZONE_085,Bordeaux - Zone 85,Bordeaux,58303,4.25,44.8336555530447,-0.6380297454746109
886,BORDEAUX_ZONE_086,Bordeaux - Zone 86,Bordeaux,19350,3.81,44.75915419633838,-0.6188175293822958
887,BORDEAUX_ZONE_087,Bordeaux - Zone 87,Bordeaux,28018,4.42,44.87129891143172,-0.6151394306852738
888,BORDEAUX_ZONE_088,Bordeaux - Zone 88,Bordeaux,32672,5.18,44.831239683022496,-0.624286551348331
889,BORDEAUX_ZONE_089,Bordeaux - Zone 89,Bordeaux,27801,4.22,44.88968973143531,-0.5956555936044609
890,BORDEAUX_ZONE_090,Bordeaux - Zone 90,Bordeaux,14705,0.54,44.91770870077891,-0.5045623272856666
891,BORDEAUX_ZONE_091,Bordeaux - Zone 91,Bordeaux,32525,3.59,44.85280360680706,-0.6139716995495845
892,BORDEAUX_ZONE_092,Bordeaux - Zone 92,Bordeaux,52853,1.09,44.76801392862354,-0.5010622454685173
893,BORDEAUX_ZONE_093,Bordeaux - Zone 93,Bordeaux,49982,2.29,44.802101588846625,-0.5542208631621675
894,BORDEAUX_ZONE_094,Bordeaux - Zone 94,Bordeaux,50694,2.14,44.781788687416665,-0.5367240978714204
895,BORDEAUX_ZONE_095,Bordeaux - Zone 95,Bordeaux,11720,4.93,44.88617819911245,-0.5631946718167086
896,BORDEAUX_ZONE_096,Bordeaux - Zone 96,Bordeaux,51288,2.26,44.78018872137223,-0.6551271566207403
897,BORDEAUX_ZONE_097,Bordeaux - Zone 97,Bordeaux,40595,5.99,44.79930820363392,-0.5922294902269853
898,BORDEAUX_ZONE_098,Bordeaux - Zone 98,Bordeaux,33445,4.55,44.85108379238614,-0.5000394031857939
899,BORDEAUX_ZONE_099,Bordeaux - Zone 99,Bordeaux,20446,2.39,44.87193908627315,-0.5493891022507726
900,BORDEAUX_ZONE_100,Bordeaux - Zone 100,Bordeaux,49832,4.82,44.90284424088081,-0.5517010438460146
901,LILLE_ZONE_001,Lille - Zone 1,Lille,41247,2.15,50.57639786624984,3.082518349547976
902,LILLE_ZONE_002,Lille - Zone 2,Lille,44585,1.5,50.56481649021003,2.9977710623513687
903,LILLE_ZONE_003,Lille - Zone 3,Lille,24951,4.49,50.638645064977304,3.1233199620521885
904,LILLE_ZONE_004,Lille - Zone 4,Lille,52545,5.45,50.653909543096184,3.0128605618420643
905,LILLE_ZONE_005,Lille - Zone 5,Lille,22636,4.59,50.59833364341315,3.103394469889216
906,LILLE_ZONE_006,Lille - Zone 6,Lille,29713,2.54,50.6428913112331,3.0515017005100415
907,LILLE_ZONE_007,Lille - Zone 7,Lille,15718,3.09,50.687822939150806,3.070671939158813
908,LILLE_ZONE_008,Lille - Zone 8,Lille,48675,0.89,50.69150816983526,3.057376379918833
909,LILLE_ZONE_009,Lille - Zone 9,Lille,52610,2.6,50.596936920610794,2.985949915302812
910,LILLE_ZONE_010,Lille - Zone 10,Lille,17881,1.26,50.58124745452722,3.042770695480337
911,LILLE_ZONE_011,Lille - Zone 11,Lille,45316,5.41,50.707063880941355,3.0002158643679424
912,LILLE_ZONE_012,Lille - Zone 12,Lille,54902,1.49,50.562129834708664,3.0305207115066444
913,LILLE_ZONE_013,Lille - Zone 13,Lille,19588,2.22,50.55848217411603,3.049628516570959
914,LILLE_ZONE_014,Lille - Zone 14,Lille,21722,4.69,50.57617692105326,3.0996173977833212
915,LILLE_ZONE_015,Lille - Zone 15,Lille,40084,4.82,50.67396039300923,2.998004953210926
916,LILLE_ZONE_016,Lille - Zone 16,Lille,36423,3.98,50.61374295686367,3.1317524544208055
917,LILLE_ZONE_017,Lille - Zone 17,Lille,33121,0.53,50.63460521645476,3.0942054512656947
918,LILLE_ZONE_018,Lille - Zone 18,Lille,8922,5.41,50.67029563807634,3.0622654056913574
919,LILLE_ZONE_019,Lille - Zone 19,Lille,9174,4.22,50.649469908587456,3.0171116996601413
920,LILLE_ZONE_020,Lille - Zone 20,Lille,53450,5.32,50.599134761677895,2.9937333157343273
921,LILLE_ZONE_021,Lille - Zone 21,Lille,40986,3.74,50.575923229962925,3.109115012747906
922,LILLE_ZONE_022,Lille - Zone 22,Lille,27542,5.72,50.62214820991496,3.0605461459593415
923,LILLE_ZONE_023,Lille - Zone 23,Lille,42348,2.36,50.69127584701393,3.136575585572469
924,LILLE_ZONE_024,Lille - Zone 24,Lille,30461,5.98,50.62762858953386,3.0973184931617093
925,LILLE_ZONE_025,Lille - Zone 25,Lille,18805,5.71,50.69611286541463,3.04184266312018
926,LILLE_ZONE_026,Lille - Zone 26,Lille,22969,1.73,50.70678072391892,3.011090436666103
927,LILLE_ZONE_027,Lille - Zone 27,Lille,9436,3.74,50.576237558702424,3.035954632223976
928,LILLE_ZONE_028,Lille - Zone 28,Lille,50633,4.86,50.60923078922813,3.079751373643624
929,LILLE_ZONE_029,Lille - Zone 29,Lille,58544,3.44,50.55697391385308,3.1364488373851307
930,LILLE_ZONE_030,Lille - Zone 30,Lille,51382,1.09,50.6829792015311,2.9850176090356704
931,LILLE_ZONE_031,Lille - Zone 31,Lille,15588,2.79,50.610040602068416,3.064865181556628
932,LILLE_ZONE_032,Lille - Zone 32,Lille,39090,4.36,50.582079186505304,3.087018404567613
933,LILLE_ZONE_033,Lille - Zone 33,Lille,8609,2.16,50.65506633217451,3.0832972745422236
934,LILLE_ZONE_034,Lille - Zone 34,Lille,25693,3.93,50.661316215392546,3.0443121202834282
935,LILLE_ZONE_035,Lille - Zone 35,Lille,14875,3.31,50.648031672808806,3.022533082907215
936,LILLE_ZONE_036,Lille - Zone 36,Lille,59430,1.08,50.580983465873004,3.0092599017834174
937,LILLE_ZONE_037,Lille - Zone 37,Lille,25235,5.07,50.70489915557107,3.0345674938481295
938,LILLE_ZONE_038,Lille - Zone 38,Lille,34853,2.12,50.55550491322057,3.056716754138895
939,LILLE_ZONE_039,Lille - Zone 39,Lille,21611,4.29,50.62610623084378,3.0148208425554492
940,LILLE_ZONE_040,Lille - Zone 40,Lille,8835,4.19,50.69430080708317,3.1109371464421187
941,LILLE_ZONE_041,Lille - Zone 41,Lille,51845,3.22,50.701111362516976,3.10202419561351
942,LILLE_ZONE_042,Lille - Zone 42,Lille,12918,4.48,50.56540647657487,3.0182427364401065
943,LILLE_ZONE_043,Lille - Zone 43,Lille,23149,3.01,50.70556655246737,3.0195600036433667
944,LILLE_ZONE_044,Lille - Zone 44,Lille,11282,1.05,50.57715228943126,2.983611123194991
945,LILLE_ZONE_045,Lille - Zone 45,Lille,27042,2.48,50.65748264512146,3.045459233019996
946,LILLE_ZONE_046,Lille - Zone 46,Lille,15595,1.02,50.6705126407746,2.9846422539349464
947,LILLE_ZONE_047,Lille - Zone 47,Lille,17069,4.15,50.57648196421702,3.0345043846780393
948,LILLE_ZONE_048,Lille - Zone 48,Lille,36686,5.75,50.592129503772824,3.0945908712541477
949,LILLE_ZONE_049,Lille - Zone 49,Lille,32420,4.98,50.57845910724858,3.0414244022849206
950,LILLE_ZONE_050,Lille - Zone 50,Lille,37919,2.0,50.61091447836149,3.1134074524858537
951,LILLE_ZONE_051,Lille - Zone 51,Lille,35639,4.07,50.67670552912566,2.9953890490204236
952,LILLE_ZONE_052,Lille - Zone 52,Lille,53624,4.5,50.70625106728371,3.1123959755890316
953,LILLE_ZONE_053,Lille - Zone 53,Lille,14796,2.79,50.64372004847845,3.1056623654472153
954,LILLE_ZONE_054,Lille - Zone 54,Lille,52459,2.91,50.64701170532673,3.101966287134408
955,LILLE_ZONE_055,Lille - Zone 55,Lille,48065,0.66,50.65871426134103,3.111465836247538
956,LILLE_ZONE_056,Lille - Zone 56,Lille,16562,3.16,50.62729964431874,3.119315028490167
957,LILLE_ZONE_057,Lille - Zone 57,Lille,36880,0.75,50.59105805875656,3.0275780711798195
958,LILLE_ZONE_058,Lille - Zone 58,Lille,54174,5.28,50.633170865926175,3.0962798099716293
959,LILLE_ZONE_059,Lille - Zone 59,Lille,55433,3.61,50.705663289208125,3.0844750973142907
960,LILLE_ZONE_060,Lille - Zone 60,Lille,30170,3.36,50.659318662954064,3.0762182425680664
961,LILLE_ZONE_061,Lille - Zone 61,Lille,36367,4.14,50.58897231917611,3.0326199179932005
962,LILLE_ZONE_062,Lille - Zone 62,Lille,52321,4.03,50.572984712361134,3.1095300512294104
963,LILLE_ZONE_063,Lille - Zone 63,Lille,48167,0.8,50.652143794649085,3.0024083797282786
964,LILLE_ZONE_064,Lille - Zone 64,Lille,38755,5.19,50.68830650153804,2.9892784387963176
965,LILLE_ZONE_065,Lille - Zone 65,Lille,40220,2.26,50.60214317480343,3.0218051408414253
966,LILLE_ZONE_066,Lille - Zone 66,Lille,41222,1.72,50.65213077037172,3.041824318953876
967,LILLE_ZONE_067,Lille - Zone 67,Lille,23400,0.93,50.62027022023351,3.068985588894008
968,LILLE_ZONE_068,Lille - Zone 68,Lille,13768,5.21,50.620730899186206,2.996293096328581
969,LILLE_ZONE_069,Lille - Zone 69,Lille,40595,4.6,50.55204306061583,3.041850345435546
970,LILLE_ZONE_070,Lille - Zone 70,Lille,10348,3.56,50.54922715447653,2.991843287505845
971,LILLE_ZONE_071,Lille - Zone 71,Lille,47597,5.8,50.6512060995872,3.1197177438120103
972,LILLE_ZONE_072,Lille - Zone 72,Lille,44853,1.64,50.65663589932466,3.1293568207989386
973,LILLE_ZONE_073,Lille - Zone 73,Lille,31812,5.04,50.67985418985238,3.1123907903366805
974,LILLE_ZONE_074,Lille - Zone 74,Lille,29756,3.58,50.64836127514833,3.0530013889749745
975,LILLE_ZONE_075,Lille - Zone 75,Lille,51068,2.5,50.62160519298794,2.9928899235717297
976,LILLE_ZONE_076,Lille - Zone 76,Lille,51182,1.72,50.60381713833229,3.1100814217015045
977,LILLE_ZONE_077,Lille - Zone 77,Lille,27135,3.51,50.60902245767366,2.994311556679938
978,LILLE_ZONE_078,Lille - Zone 78,Lille,18758,3.21,50.680694185586994,3.096101742460202
979,LILLE_ZONE_079,Lille - Zone 79,Lille,34818,1.09,50.64693628258219,3.0073069440850566
980,LILLE_ZONE_080,Lille - Zone 80,Lille,33748,1.69,50.68112866299322,3.0077926022491313
981,LILLE_ZONE_081,Lille - Zone 81,Lille,30146,1.09,50.61551525522053,3.12556024488597
982,LILLE_ZONE_082,Lille - Zone 82,Lille,52049,3.74,50.67274322778196,3.0493807355134344
983,LILLE_ZONE_083,Lille - Zone 83,Lille,51152,3.74,50.6298716121848,3.1315167609916075
984,LILLE_ZONE_084,Lille - Zone 84,Lille,8284,3.42,50.5569714569011,3.1269493249330647
985,LILLE_ZONE_085,Lille - Zone 85,Lille,46346,3.16,50.6305332638515,3.1246859702470084
986,LILLE_ZONE_086,Lille - Zone 86,Lille,19613,4.3,50.57698404322921,3.107739064655759
987,LILLE_ZONE_087,Lille - Zone 87,Lille,14786,2.63,50.64528736348886,3.1185313381693884
988,LILLE_ZONE_088,Lille - Zone 88,Lille,41037,5.35,50.6161863593334,3.074738990969551
989,LILLE_ZONE_089,Lille - Zone 89,Lille,53384,4.69,50.592975340792975,3.1314749660287604
990,LILLE_ZONE_090,Lille - Zone 90,Lille,27278,2.99,50.570539492962574,3.043339275649219
991,LILLE_ZONE_091,Lille - Zone 91,Lille,53876,5.38,50.63116713960041,3.1121919090050394
992,LILLE_ZONE_092,Lille - Zone 92,Lille,43901,5.23,50.66309989702322,3.126981932394006
993,LILLE_ZONE_093,Lille - Zone 93,Lille,49456,1.7,50.582754031400874,3.091601525700783
994,LILLE_ZONE_094,Lille - Zone 94,Lille,52997,2.4,50.65677979408821,3.1343136793975788
995,LILLE_ZONE_095,Lille - Zone 95,Lille,50604,5.86,50.577650031881205,3.0640986365488914
996,LILLE_ZONE_096,Lille - Zone 96,Lille,49738,2.27,50.567664840365374,3.0336580483940607
997,LILLE_ZONE_097,Lille - Zone 97,Lille,39481,3.71,50.70002778414149,3.090919781038139
998,LILLE_ZONE_098,Lille - Zone 98,Lille,52187,4.61,50.6838222883867,3.0230484768360584
999,LILLE_ZONE_099,Lille - Zone 99,Lille,35681,4.95,50.63283679779347,2.9813435426007158
1000,LILLE_ZONE_100,Lille - Zone 100,Lille,17524,0.79,50.558256763887286,3.0200165231110874
1000,LILLE_ZONE_100,Lille - Zone 100,Lille,17524,0.79,50.558256763887286,3.0200165231110874
1000,LILLE_ZONE_100,Lille - Zone 100,Lille,17524,0.79,50.558256763887286,3.0200165231110874
